,0
69005-300,-3.13526
66010-900,-1.44977
11010-908,-23.93268
28010-510,-21.75923
41745-002,-12.94577
50030-310,-8.06201
60150-162,-3.73496
80020-100,-25.43014
90010-901,-30.02846
58040-900,-7.11989
57057-972,-9.6288
79300-040,-19.00176
38010-000,-19.74792
88010-400,-27.59771
01011-100,-23.54535
45653-000,-14.80007
65020-230,-2.52998
29010-340,-20.32115
59025-900,-5.78396
64200-906,-2.9035
36010-003,-21.76114
36770-024,-21.3884
17201-010,-22.29293
14015-020,-21.1762
96010-150,-31.77071
84010-300,-25.09806
14780-070,-20.55716
37002-030,-21.55779
30160-041,-19.92338
96400-370,-31.33132
97573-565,-30.89259
59600-520,-5.19037
17010-900,-22.32232
89201-060,-26.2991
44002-272,-12.25764
96508-011,-30.04695
64000-060,-5.08932
97501-520,-29.75555
78005-300,-15.59524
20031-204,-22.91099
79002-908,-20.46421
15800-080,-21.13406
27910-362,-22.37575
13010-061,-22.90718
14400-690,-20.53717
14700-119,-20.95052
13400-340,-22.72453
15015-200,-20.81253
16400-030,-22.87938
45200-191,-13.86044
39800-013,-17.8632
36200-008,-21.20688
58400-105,-7.21686
13870-909,-21.96494
55293-905,-8.89097
56506-907,-8.41918
48903-901,-12.25492
45600-912,-14.79092
69900-058,-9.9756
24020-072,-22.89366
27123-120,-22.47093
12010-020,-23.02692
79904-672,-22.5384
18600-410,-22.73992
25629-900,-22.50897
26221-030,-22.76266
14801-310,-21.80184
29300-902,-20.84834
62011-040,-3.68982
74010-010,-16.67544
22220-001,-22.9301
35430-020,-20.42114
95020-260,-29.16931
38440-122,-18.64947
21351-040,-22.874
99010-010,-28.26005
20270-005,-22.91179
63100-901,-7.23218
89010-915,-26.91721
19010-010,-22.12226
38400-130,-18.9204
20720-012,-22.90408
76801-151,-8.76279
39400-006,-16.72079
86010-390,-23.31092
29700-070,-19.53604
65600-050,-4.86253
97010-422,-29.68094
23050-260,-22.90459
68005-080,-2.41959
27542-070,-22.46473
17600-010,-21.93627
15990-170,-21.60131
57600-025,-9.40568
98801-590,-28.30003
95900-022,-29.46129
85851-000,-25.54426
17500-090,-22.22124
97542-310,-29.78245
28905-250,-22.87902
58700-020,-7.02475
48010-110,-12.13816
55002-903,-8.29129
36307-328,-21.13475
13630-095,-21.99981
35010-390,-18.85979
12900-130,-22.95708
13970-280,-22.43626
13500-908,-22.40228
12245-030,-23.19388
35300-036,-19.79041
16010-000,-21.20578
96810-908,-29.72286
95700-110,-29.16885
93010-001,-29.76322
45000-903,-14.85051
17280-000,-22.34554
38700-001,-18.58956
18010-081,-23.50103
98010-750,-28.64921
37900-152,-20.71956
18200-100,-23.58905
88701-001,-28.48032
18700-005,-23.10322
38300-074,-18.97406
79601-050,-20.79051
38183-083,-19.59085
13480-008,-22.56469
75901-290,-17.79945
29930-010,-18.71666
19800-002,-22.66162
47800-120,-12.14787
55602-010,-8.11928
56903-910,-7.98827
21060-120,-22.85614
69301-250,2.81923
64600-082,-7.08224
20061-000,-22.9028
83203-330,-25.51885
68900-090,0.03506
27213-320,-22.50966
09010-160,-23.66304
20940-000,-22.82152
15500-004,-20.41901
14870-325,-21.2561
16901-006,-20.8962
22250-040,-22.94463
20520-051,-22.93224
22070-012,-22.96651
17400-084,-22.20618
35660-630,-19.8643
08710-500,-23.52503
13560-648,-22.01764
21810-012,-22.88115
05072-000,-23.52255
03606-010,-23.52061
85010-100,-25.39367
04046-000,-23.60799
04203-050,-23.58047
03002-000,-23.54449
88301-041,-26.9068
12501-410,-22.81675
88501-020,-27.81497
37500-034,-22.42349
37701-000,-21.78834
75701-300,-18.16916
75800-012,-17.89667
93510-120,-29.68246
25802-180,-22.11518
13465-490,-22.73831
89802-000,-27.09784
09510-030,-23.61393
75024-070,-16.30855
50010-360,-8.06412
17580-057,-22.10748
25010-009,-22.79049
69151-030,-2.63111
28610-160,-22.28232
13201-026,-23.18716
13600-905,-22.35798
40060-000,-12.97773
16200-053,-21.29063
87013-180,-23.4253
13300-906,-23.26375
86800-700,-23.55237
86701-000,-23.41001
35170-041,-19.47666
90220-006,-30.00896
35500-006,-20.14301
75503-260,-18.41923
73801-010,-15.53663
19900-081,-22.979
87704-010,-23.0792
01205-001,-23.53948
03118-000,-23.5592
05422-002,-23.56694
02011-300,-23.48579
04752-010,-23.65234
79801-015,-22.22913
20031-010,-22.9111
24445-300,-22.81658
35700-024,-19.46268
88350-360,-27.09769
89251-150,-26.48071
87300-390,-24.04162
88801-500,-28.67477
15700-022,-20.2666
13730-040,-21.46616
12940-670,-23.11574
35680-054,-20.07401
09725-620,-23.70395
63010-215,-7.20219
20091-007,-22.89965
01029-001,-23.53969
12701-350,-22.57506
70070-110,-15.79997
13900-005,-22.70218
13450-010,-22.75623
23900-565,-23.00918
27330-040,-22.54535
20755-180,-22.88683
29900-030,-19.40795
92010-300,-29.91809
61940-165,-3.88974
84165-000,-24.79037
22735-015,-22.92084
85501-268,-26.22871
21221-390,-22.84367
32315-000,-19.92411
18400-450,-23.98239
18270-001,-23.34847
18130-902,-23.65684
22420-030,-22.98333
85812-001,-24.95517
57300-070,-9.75385
21931-522,-22.80514
78700-090,-16.47234
65903-280,-5.5298
44571-350,-12.96835
68508-060,-5.34335
68371-105,-3.20749
18682-210,-22.6062
12400-470,-22.92609
21020-050,-22.83993
13800-002,-22.43305
03064-000,-23.53578
02113-017,-23.51839
85900-220,-24.73313
21615-220,-22.85839
22050-001,-22.96651
22431-002,-22.98471
65300-046,-3.66135
85601-610,-26.07769
87200-252,-23.66125
48602-900,-9.40012
94410-050,-30.08259
01538-000,-23.56863
07010-030,-23.4672
06093-008,-23.53257
77803-070,-7.17991
30120-050,-19.92047
87501-000,-23.54998
04010-000,-23.5912
03134-000,-23.59479
75830-074,-17.58699
91010-006,-30.0108
05316-900,-23.535
84261-000,-24.32686
55819-908,-7.84544
89280-177,-26.2498
60055-140,-3.7268
09310-000,-23.66663
12327-695,-23.30226
02732-040,-23.50432
83601-030,-25.46085
50060-070,-8.06164
68743-050,-1.29367
01311-933,-23.55816
54510-907,-8.28567
11608-545,-23.80185
59040-200,-5.80047
09911-160,-23.68597
08674-000,-23.53821
03062-000,-23.54069
55150-120,-8.33653
04088-003,-23.61337
23815-310,-22.86594
85301-040,-25.40821
25953-235,-22.41196
32600-054,-19.96667
25520-570,-22.80318
74503-110,-16.67543
68180-005,-4.27424
80330-000,-25.47182
58800-010,-6.75836
93265-010,-29.85029
66090-150,-1.45162
13610-210,-22.18575
35900-013,-19.62035
86181-000,-23.27819
45820-090,-16.37378
77402-100,-11.72838
13250-330,-23.00452
26525-022,-22.8082
77600-970,-10.17667
13270-130,-22.96923
04621-002,-23.62398
68625-005,-2.99521
53401-400,-7.94031
72015-020,-15.8393
11510-003,-23.86788
13840-056,-22.36473
04004-040,-23.57415
70730-522,-15.77529
70351-530,-15.8109
20011-040,-22.90554
03403-002,-23.5487
51030-300,-8.13218
82510-160,-25.40311
01023-001,-23.54127
06311-001,-23.524
20931-350,-22.87954
49075-200,-10.90923
65040-000,-2.54472
01506-000,-23.56023
80060-060,-25.4374
22640-102,-23.00763
95020-000,-29.16853
03028-050,-23.52796
05005-000,-23.53281
03323-000,-23.54568
59012-200,-5.77611
09636-000,-23.66627
08010-010,-23.49262
11310-060,-23.96262
01044-908,-23.26729
04208-052,-23.58423
73010-514,-15.65042
58010-450,-7.11565
04132-000,-23.65779
03210-000,-23.59762
03374-000,-23.61267
07071-050,-23.45447
29100-401,-20.33519
11070-101,-23.953
35180-026,-19.53759
65055-285,-2.56739
71200-027,-15.815
72405-604,-15.83297
71710-520,-15.86891
50790-900,-8.50339
40375-017,-12.94403
97015-550,-29.69508
94920-100,-29.95412
61932-971,-3.84664
13020-431,-22.89644
30130-180,-19.92589
66810-100,-1.29842
13070-751,-22.90105
25620-001,-22.51092
69070-250,-3.14271
40445-201,-12.93664
42800-060,-12.69977
54110-130,-8.11631
83005-000,-25.53852
14085-000,-21.1648
55641-080,-8.20231
14160-570,-21.14011
09280-000,-23.6363
89110-064,-26.92881
18070-671,-23.47306
66085-005,-1.42626
72800-680,-16.25234
20071-003,-22.90288
29200-260,-20.67279
13170-902,-22.82355
06717-210,-23.60799
88040-370,-27.5994
60325-001,-3.73402
35160-022,-19.47575
01310-000,-23.56479
01315-000,-23.55295
18300-260,-24.00516
13330-070,-23.07562
30710-010,-19.91083
23515-000,-22.93002
02710-001,-23.50607
09571-380,-23.63591
01227-200,-23.55156
29146-201,-20.34264
02515-020,-23.5095
76900-027,-10.8757
94010-020,-29.94168
29190-010,-19.82132
64018-500,-5.10552
11701-902,-24.00576
05323-001,-23.53927
12600-210,-22.73141
13030-405,-22.92381
20551-031,-22.91615
01126-000,-23.52681
06454-040,-23.4922
06401-000,-23.50902
21041-040,-22.86489
24220-041,-22.90282
56304-020,-9.39545
61600-040,-3.7345
25900-001,-22.65706
68456-760,-3.78144
78550-260,-11.85459
13084-105,-22.82878
02305-001,-23.48154
20011-030,-22.90096
20240-051,-22.91626
80230-130,-25.44306
79825-090,-22.21858
76872-854,-9.90071
76963-792,-11.43611
57020-030,-9.66475
72215-506,-15.81816
76980-234,-12.73775
54735-903,-7.99822
09400-110,-23.70968
08210-090,-23.53905
80240-001,-25.45026
03566-000,-23.54006
11410-192,-23.99696
70305-902,-15.80291
85650-970,-25.81611
17470-000,-22.4144
88340-281,-27.02258
29680-970,-19.75481
01310-901,-23.56351
71020-721,-15.81071
06850-100,-23.70692
88010-300,-27.59403
65150-970,-2.93964
69050-000,-3.10954
72125-170,-15.81224
88054-000,-27.42889
21070-032,-22.84055
70077-900,-15.79075
21740-001,-22.88305
24452-005,-22.8189
79040-010,-20.45758
53510-050,-7.9155
30130-002,-19.92249
30130-100,-19.9253
40150-060,-12.99917
31170-800,-19.86301
30130-007,-19.93083
53610-605,-7.82317
30441-021,-19.93298
45987-900,-17.53669
35500-001,-20.13458
20030-030,-22.90994
21941-902,-22.84319
13419-155,-22.73425
88075-110,-27.58927
88801-001,-28.67981
31270-901,-19.8591
79002-212,-20.4573
04321-090,-23.38128
30110-036,-19.93999
34710-100,-19.89172
29060-235,-20.28755
30190-081,-19.92089
40140-190,-13.00839
38022-100,-19.70319
79112-000,-20.44999
79006-540,-20.47363
79022-000,-20.44031
79051-000,-20.47939
65075-441,-2.50348
04384-090,-23.66302
65060-645,-2.52522
85865-000,-25.51138
59020-100,-5.79155
86020-080,-23.31493
86082-000,-23.26088
68700-005,-1.19328
36190-970,-21.1967
60840-290,-3.83085
58300-220,-7.12347
87013-150,-23.4116
26130-000,-22.77079
57072-970,-9.54092
57037-630,-9.64497
57080-000,-9.60835
60140-060,-3.73476
61900-180,-3.87561
60020-181,-3.73771
59031-200,-5.80047
60025-061,-3.73966
60040-531,-3.75008
58038-680,-7.10215
74425-010,-16.67831
58038-000,-7.10444
22640-903,-22.9995
43805-000,-12.67071
54325-000,-8.16708
11660-650,-23.62442
08570-050,-23.47575
08550-100,-23.51813
52020-010,-8.04525
51020-040,-8.12629
83702-240,-25.59557
04764-000,-23.66979
59022-305,-5.80708
70160-900,-15.80097
88330-077,-26.98841
94810-000,-29.75845
74968-543,-16.8174
07700-210,-23.36422
83414-000,-25.2923
83501-000,-25.31151
06653-180,-23.54668
06803-400,-23.64933
07901-170,-23.28247
67030-000,-1.36764
24900-885,-22.91757
33805-640,-19.76565
88101-100,-27.59204
06768-000,-23.61353
04710-160,-23.62487
12281-010,-23.10187
11045-301,-23.97161
88160-130,-27.49823
53030-010,-8.00335
88132-149,-27.64205
34505-320,-19.89133
28941-068,-22.84013
13220-001,-23.21287
93220-680,-29.82692
78110-302,-15.64819
57680-970,-9.64209
68550-005,-8.03114
01529-000,-23.56746
13215-900,-23.17077
13480-743,-22.56147
59140-260,-5.91494
01013-001,-23.54751
31270-122,-19.86827
15950-970,-21.24073
07802-240,-23.32466
09371-520,-23.66345
33035-170,-19.85522
68555-201,-7.10447
58306-000,-7.12208
03103-003,-23.55367
83323-000,-25.44026
61801-240,-3.98459
06053-000,-23.55063
06194-060,-23.52635
51021-020,-8.1266
90130-100,-30.05223
09110-001,-23.67715
09015-020,-23.6567
11060-002,-23.96435
07180-270,-23.46317
09890-001,-23.69964
03806-010,-23.49913
42702-400,-12.89791
18080-000,-23.48843
03089-000,-23.55255
35160-294,-19.50602
65631-240,-5.09093
73750-040,-16.677
59600-195,-5.19313
29176-090,-20.12638
13403-000,-22.74016
89053-200,-26.88999
13025-355,-22.902
91310-000,-30.04372
16025-010,-21.211
16074-185,-21.19733
14025-700,-21.20701
54759-000,-8.02
13565-905,-21.98918
14401-234,-20.52646
15025-600,-20.80274
72318-595,-15.86325
04617-000,-23.61708
74620-010,-16.67337
65010-450,-2.52761
49030-640,-10.95418
64208-120,-2.91791
64049-240,-5.07578
64000-240,-5.08579
74070-070,-16.79976
64607-165,-7.08098
49015-160,-10.92074
49010-520,-10.90894
47800-191,-12.14723
47850-043,-12.08326
44075-155,-12.25583
90040-060,-30.03351
40290-000,-12.99009
40010-904,-12.96896
41635-150,-12.93594
41825-000,-12.99577
40140-902,-13.00678
14015-170,-21.18448
07012-020,-23.47134
71615-560,-15.84955
69073-175,-3.13063
71953-000,-15.77829
70715-000,-15.78665
70670-431,-15.81176
75901-040,-17.7937
96065-000,-31.72377
90570-060,-30.02381
91140-000,-29.97758
75040-040,-16.31192
93125-140,-29.72507
81650-020,-25.49342
74160-010,-16.70045
35930-003,-19.81069
52070-230,-8.02798
60170-001,-3.73936
75110-770,-16.33222
35044-190,-18.88541
90650-003,-30.06458
22790-702,-23.01943
02937-040,-23.48602
15920-970,-21.26398
13076-061,-22.8849
60420-432,-3.76521
89204-005,-26.29132
51020-280,-8.11812
41830-070,-13.00659
40025-000,-12.97076
20080-002,-22.90307
86070-680,-23.29774
12230-000,-23.22337
74075-010,-16.67645
64014-130,-5.09239
90410-002,-30.04372
92330-000,-29.90094
02071-011,-23.50629
29055-131,-20.30344
78070-000,-15.61472
88117-001,-27.57192
69932-970,-11.01371
59296-802,-5.77413
38400-448,-18.91327
58410-298,-7.24688
32145-900,-19.87516
20020-010,-22.90766
30640-000,-19.97688
32315-140,-19.94548
80420-000,-25.43575
30830-373,-19.89912
05503-001,-23.57069
58030-000,-7.11965
31610-070,-19.81227
04534-002,-23.58393
30110-008,-19.91337
54325-440,-8.1638
22240-005,-22.93432
59082-270,-5.86513
30180-160,-19.93487
09657-000,-23.65322
03949-100,-23.60303
41820-000,-12.97625
79004-680,-20.47445
58085-000,-7.15814
80010-010,-25.43105
08115-000,-23.48758
91910-971,-30.10293
95034-160,-29.16842
14055-620,-21.15404
90110-230,-30.04638
41830-000,-13.00652
65076-730,-2.51325
14090-260,-21.17887
38400-702,-18.90419
39401-851,-16.72494
70170-900,-15.78793
50711-000,-8.04928
18047-900,-23.53307
60035-110,-3.73101
50770-720,-8.0809
74275-120,-16.71455
70150-900,-15.80097
66055-005,-1.44371
66035-220,-1.45368
66645-000,-1.40859
66113-000,-1.4299
88010-001,-27.59395
60310-001,-3.7215
22755-001,-22.936
61645-100,-3.73874
76820-163,-8.76324
76804-186,-8.76582
19050-230,-22.14165
29175-344,-20.14235
99025-503,-28.26855
29123-001,-20.3354
29164-037,-20.21253
41340-050,-12.90088
20540-003,-22.92382
24020-110,-22.89536
22050-032,-22.97471
20040-002,-22.91195
69043-000,-3.07259
20210-030,-22.90924
22031-071,-22.96705
21350-031,-22.8821
28035-053,-21.75718
20260-130,-22.91575
21941-353,-22.82056
60115-080,-3.72554
27260-010,-22.51821
22410-003,-22.98397
28893-076,-22.42801
25250-000,-22.5989
89809-450,-27.09145
86010-020,-23.32538
74210-260,-16.6969
25730-745,-22.40002
96030-002,-31.75909
96015-140,-31.76091
96503-490,-30.02004
03712-008,-23.50737
95700-200,-29.16749
52060-590,-8.03513
93336-025,-29.70054
97015-123,-29.68791
93040-193,-29.76839
95034-000,-29.15917
29145-906,-20.33479
90010-190,-30.03014
81720-000,-25.51389
40060-001,-12.97773
41820-021,-12.97978
04777-000,-23.70386
30380-252,-19.94458
04571-000,-23.6055
50670-420,-8.03941
88062-025,-27.60414
89202-295,-26.31841
89260-000,-26.51272
88080-160,-27.60513
88090-000,-27.59919
88523-000,-27.81006
89022-000,-26.92816
89805-203,-27.07465
89285-580,-26.21917
80620-200,-25.46338
80045-270,-25.42767
81730-000,-25.52308
80060-120,-25.43094
80230-010,-25.43864
82400-000,-25.40399
80730-000,-25.43295
90030-131,-30.02576
90010-140,-30.02786
83301-010,-25.43144
80030-001,-25.41297
84010-000,-25.09489
84070-000,-25.08386
80240-000,-25.44514
85801-002,-24.95517
73310-200,-15.79084
72705-050,-15.8275
66025-160,-1.45917
05805-000,-23.65136
40010-020,-12.97099
13033-000,-22.91049
74513-101,-16.67745
36016-321,-21.77669
36010-110,-21.76126
36045-120,-21.74095
77001-004,-10.22688
41740-170,-12.97127
21350-180,-22.87696
64002-475,-5.06976
58055-000,-7.17011
29051-042,-20.31119
74230-100,-16.69767
90110-000,-30.04957
08780-120,-23.52157
87030-000,-23.38932
20520-052,-22.93224
30421-198,-19.93194
88704-410,-28.47321
40070-190,-12.98571
01413-100,-23.56044
60192-018,-3.74314
60721-340,-3.77017
02265-002,-23.48092
80020-040,-25.43049
13208-051,-23.19033
09961-350,-23.69342
04045-902,-23.62855
41233-005,-12.90871
70873-500,-15.74499
74115-060,-16.73833
60165-080,-3.72682
04538-905,-23.58891
74083-195,-16.68281
78050-000,-15.58786
03011-000,-23.53879
04035-000,-23.5912
04023-062,-23.59776
74675-830,-16.62223
64045-970,-5.08115
60822-131,-3.79597
70381-525,-15.82892
89256-501,-26.47897
70630-901,-15.77217
49020-570,-10.93237
58040-300,-7.12714
40230-731,-12.99289
13201-760,-23.1968
70910-900,-15.76224
74605-220,-16.67653
74830-130,-16.71929
05116-000,-23.51356
20771-001,-22.88667
41720-010,-12.96958
89227-015,-26.27635
30130-188,-19.92989
65051-210,-2.53873
90480-000,-30.02548
51111-020,-8.12629
01139-001,-23.52207
38400-100,-18.9208
35162-036,-19.47256
36090-280,-21.68925
66075-110,-1.46418
59063-400,-5.82966
59066-180,-5.8551
41150-000,-12.95711
40170-110,-13.00448
72876-333,-16.07167
78050-970,-15.57171
78055-428,-15.56028
78045-490,-15.59165
78110-400,-15.64721
78005-907,-15.61334
69900-640,-9.96132
69057-000,-3.10609
74911-700,-16.81136
94930-230,-27.34439
13472-419,-22.72825
81130-000,-25.50485
01227-000,-23.53763
14810-270,-21.77953
29055-642,-20.29705
21210-623,-22.84868
21321-010,-22.89803
45600-171,-14.79128
05302-001,-23.53069
05406-050,-23.55849
45651-620,-14.78352
06600-010,-23.53004
22790-701,-23.01943
70040-020,-15.78913
70073-900,-15.80146
70712-900,-15.78701
60160-230,-3.73406
17017-339,-22.34481
58051-900,-7.13611
58013-010,-7.10484
58041-000,-7.12114
25569-900,-22.79661
97105-900,-29.71106
52051-020,-8.03137
57051-000,-9.6546
57020-913,-9.66462
65076-820,-2.51404
30150-281,-19.92439
76930-970,-11.34882
76801-222,-8.75835
76932-970,-11.69924
30160-012,-19.92904
58429-140,-7.21717
20031-080,-22.90948
22470-050,-22.96658
27281-422,-22.49505
20031-923,-22.90958
02350-011,-23.45777
03636-100,-23.52233
03988-010,-23.61486
04733-400,-23.63825
09041-320,-23.6576
09810-260,-23.72101
59078-900,-5.81671
82940-010,-25.4504
81020-010,-25.49458
82210-000,-25.3885
71571-710,-15.77283
71503-502,-15.85749
72010-120,-15.83226
76807-610,-8.78814
59064-901,-5.83692
79002-205,-20.45978
35164-213,-19.45139
86025-720,-23.29906
22740-360,-22.92839
20540-004,-22.92356
03512-970,-23.54047
09521-300,-23.61535
85803-000,-24.97644
06501-970,-23.44453
21235-110,-22.85095
22270-000,-22.95121
05013-000,-23.53566
87111-140,-23.44282
63041-140,-7.22603
70070-600,-15.77829
50110-000,-8.04327
50720-001,-8.05818
26383-060,-22.71268
23087-284,-22.88317
69010-080,-3.13064
69050-970,-3.101
70040-912,-15.79062
02464-200,-23.48504
07050-000,-23.46918
04378-100,-23.64465
01008-000,-23.54644
20031-170,-22.90945
20920-310,-22.8931
03527-000,-23.53983
03658-011,-23.52444
77006-014,-10.18446
49026-010,-10.94718
24340-000,-22.96124
26210-060,-22.75796
30130-005,-19.92249
22260-001,-22.95001
78020-400,-15.60068
78025-300,-15.61347
91350-200,-30.01444
13015-082,-22.90093
96810-166,-29.72001
69900-082,-9.97363
69900-333,-9.97015
18047-620,-23.52404
14096-350,-21.20793
11060-303,-23.96707
13400-765,-22.71951
13083-865,-22.81727
13209-080,-23.18551
21710-232,-22.87808
96200-090,-32.03527
92120-124,-29.94002
14050-220,-21.17487
68900-101,0.03864
38408-404,-18.93193
24350-310,-22.94167
76801-429,-8.75142
70775-530,-15.73784
77064-580,-10.33869
79031-330,-20.44993
79020-300,-20.46206
05170-000,-23.48212
05640-002,-23.60653
02135-002,-23.49858
14409-003,-20.51533
15055-298,-20.7887
65030-015,-2.54291
19015-150,-22.12057
02611-003,-23.47028
51180-001,-8.13271
51010-000,-8.08723
22640-100,-23.00763
05019-011,-23.53712
08410-000,-23.54259
60015-051,-3.72717
60130-241,-3.75239
74810-100,-16.70654
38045-000,-19.77054
72225-017,-15.81979
72465-360,-16.0306
29090-820,-20.25175
30310-530,-19.94827
30320-660,-19.97363
75903-290,-17.78813
60431-086,-3.75074
57035-180,-9.6603
29313-656,-20.75775
03620-001,-23.51837
06180-180,-23.54138
20260-142,-22.92028
30720-100,-19.91228
35700-293,-19.46688
20010-010,-22.86314
89068-000,-26.82248
59110-200,-5.75684
80410-201,-25.43289
82820-110,-25.41826
60720-000,-3.77708
60822-164,-3.79604
71680-122,-15.8528
57052-400,-9.62606
57020-070,-9.66471
58035-030,-7.06609
78740-046,-16.47838
87013-050,-23.42744
85812-003,-24.95517
86070-545,-23.30077
04538-133,-23.58415
01310-100,-23.56479
03319-000,-23.54613
13091-908,-22.86675
17012-202,-22.33099
66063-060,-1.45646
41820-901,-12.97886
88032-005,-27.54083
50030-900,-8.06241
29050-335,-20.3161
12242-840,-23.2017
14020-750,-21.21065
09080-000,-23.6505
09750-420,-23.6915
05001-903,-23.52598
15090-305,-20.84659
70610-410,-15.79601
31310-240,-19.87198
20011-902,-22.90525
69079-210,-3.10855
77001-022,-10.19222
76803-745,-8.75144
68900-073,0.04088
60416-392,-3.75954
69036-110,-3.0996
95020-001,-29.16878
69301-110,2.82879
93510-130,-29.68163
59020-120,-5.78971
13010-911,-22.90178
42800-400,-12.70207
44052-064,-12.24455
30190-050,-19.92183
37006-510,-21.56712
14015-040,-21.1777
13041-670,-22.91978
14096-560,-21.19977
32670-248,-19.96479
15080-000,-20.84451
13454-179,-22.74421
83065-260,-25.50341
60150-161,-3.73496
92410-350,-29.90562
91010-000,-30.00855
77021-622,-10.25507
78118-071,-15.648
74645-020,-16.66278
69055-010,-3.08536
60533-690,-3.76865
68904-740,0.02568
29101-280,-20.34105
22793-082,-23.00158
04046-200,-23.60799
04544-051,-23.59186
04905-021,-23.69053
04278-000,-23.6024
01013-905,-23.5471
29168-060,-20.19468
54250-538,-8.09094
68500-450,-5.34436
88370-438,-26.90122
21211-007,-22.84533
01501-001,-23.18416
03401-001,-23.53885
78550-202,-11.85459
78065-300,-15.62084
13092-108,-22.89435
71805-543,-15.88391
68040-400,-2.41944
88303-101,-26.90766
67110-000,-1.38746
13420-585,-22.74125
13060-222,-22.91947
04255-080,-23.62346
12942-540,-23.12358
05016-110,-23.53979
08371-440,-23.59489
08010-090,-23.49351
05419-001,-23.56005
01031-000,-23.53969
08070-001,-23.50651
08220-830,-23.53607
04846-000,-23.73686
05787-000,-23.63359
31720-300,-19.83063
22640-010,-23.00854
57046-000,-9.60071
30580-000,-19.96232
07776-450,-23.3348
29102-041,-20.36692
29140-261,-20.33418
77803-130,-7.1913
21331-720,-22.88088
65071-380,-2.49199
83820-001,-25.64966
65907-000,-5.51939
22430-060,-22.9827
47810-710,-12.14046
31570-000,-19.81224
79800-023,-22.22597
48608-080,-9.39708
79010-600,-20.42981
41940-000,-13.01247
42701-260,-12.86905
01002-010,-23.54744
79611-080,-20.80136
64000-150,-5.08991
62010-150,-3.68665
94050-000,-29.93145
08341-420,-23.59624
16010-370,-21.20921
35010-150,-18.85459
76908-408,-10.88742
69093-770,-3.04237
69077-000,-3.13582
57300-005,-9.75078
69309-000,2.81943
38022-200,-19.76404
28909-490,-22.89008
13230-005,-23.20585
30480-000,-19.92944
37701-002,-21.78653
38400-042,-18.91648
83408-485,-25.36831
17516-000,-22.22696
25963-080,-22.41775
88065-005,-27.70133
04036-100,-23.5912
31030-105,-19.90845
71691-153,-15.89681
84035-300,-25.1049
80440-080,-25.44493
78043-172,-15.59508
59064-390,-5.83076
68900-012,0.08406
66093-020,-1.44544
68501-690,-5.37161
72915-006,-15.7301
68909-094,0.08797
64020-720,-5.12994
89802-140,-27.10098
89206-001,-26.29761
75804-066,-17.87718
78048-250,-15.56412
29111-165,-20.35086
22410-050,-22.98337
88058-001,-27.44828
13830-080,-22.60481
15045-000,-20.78283
65080-040,-2.55912
90430-000,-30.0285
30110-044,-19.93641
01452-000,-23.57312
44053-268,-12.22134
13505-130,-23.30159
90035-007,-30.04067
60170-250,-3.7319
60440-554,-3.73869
58031-003,-7.11965
27920-230,-22.4042
26553-160,-22.79683
24220-030,-22.90248
27440-010,-22.2958
29136-010,-20.35319
29215-450,-20.65332
64046-010,-5.08668
09981-420,-23.69993
07244-000,-23.44509
06268-000,-23.50356
38702-054,-18.56818
78043-300,-15.58833
58040-040,-7.12114
29055-721,-20.30821
01310-300,-23.56479
71936-250,-15.84166
01036-900,-23.54518
05777-001,-23.64873
24020-086,-22.89435
88015-530,-27.58656
79021-300,-20.45373
69050-010,-3.09336
22440-035,-22.98532
04734-002,-23.63825
02022-000,-23.50441
05428-000,-23.56121
01234-010,-23.5453
03337-000,-23.55589
74115-924,-16.68224
30130-145,-19.93848
80420-210,-25.43429
41820-710,-12.98581
12242-800,-23.19856
11060-450,-23.96201
57035-170,-9.66155
59020-300,-5.79105
58030-002,-7.11965
90570-080,-30.02503
65075-650,-2.49316
09710-215,-23.71074
40150-055,-12.99732
70610-420,-16.00346
70070-010,-15.80172
71625-205,-15.84759
38405-142,-18.90065
30170-081,-19.92978
07111-000,-23.46677
13025-001,-22.89545
15085-020,-20.83121
20030-001,-22.90763
90480-002,-30.03445
88801-000,-28.67981
18618-970,-22.89656
88352-001,-27.08708
88501-000,-27.81623
04029-000,-23.60815
88330-112,-26.99815
88130-100,-27.64522
88111-150,-27.56587
89237-448,-26.29019
20011-970,-22.90427
22631-003,-23.00763
65065-470,-2.5034
09015-190,-23.65477
66093-048,-1.43918
30170-122,-19.93384
64077-175,-5.10532
11320-000,-23.96523
06380-021,-23.53689
11705-000,-24.00703
79094-000,-20.53269
36015-000,-21.75881
87013-300,-23.42635
55012-290,-8.27074
13561-206,-22.01239
17016-230,-22.3391
65058-010,-2.5645
13840-017,-22.37205
13320-240,-23.20482
13330-260,-23.08886
89010-300,-26.92809
14780-100,-20.55386
13466-550,-22.75768
18270-320,-23.35231
13500-410,-22.28165
13600-040,-22.35779
12515-010,-22.80524
12010-030,-23.02668
18200-013,-23.59112
13300-005,-23.26536
12900-140,-22.95613
18010-080,-23.50103
17010-200,-22.32177
08710-170,-23.52119
11510-002,-23.86788
07851-120,-23.32686
07010-050,-23.4687
12120-970,-22.9645
11660-060,-23.6217
11410-150,-23.99325
08674-003,-23.53821
16200-003,-21.28961
15800-020,-21.13683
16400-080,-21.6782
17500-021,-22.2244
15025-000,-20.80938
06717-100,-23.607
08500-110,-23.54299
12220-000,-23.1819
04801-000,-23.72297
06763-460,-23.61004
13500-505,-22.41217
12212-000,-23.15872
05204-000,-23.40679
03356-060,-23.56734
08576-000,-23.49076
09910-720,-23.69278
17506-000,-22.19469
17011-066,-22.32586
15055-500,-20.79074
12080-080,-23.01893
11450-210,-23.94329
18110-065,-23.54295
17201-300,-22.29365
14800-390,-21.79919
13411-083,-22.67557
12031-001,-23.03675
08740-310,-23.54289
11701-090,-24.0109
18043-004,-23.50443
04365-001,-23.67253
05521-000,-23.60405
09210-630,-23.63345
09560-200,-23.6287
13170-036,-22.82342
13184-420,-22.86523
04764-001,-23.66979
04685-006,-23.67089
03014-000,-23.53872
04015-001,-23.58695
05076-000,-23.52246
05406-100,-23.55849
01501-050,-23.5525
08011-010,-23.49187
01101-010,-23.52827
13405-218,-22.70765
13486-100,-22.55932
03402-002,-23.5487
02340-000,-23.46883
03632-010,-23.52638
11025-001,-23.97909
13270-100,-22.96897
17050-280,-22.33119
14405-265,-20.5394
02831-000,-23.48418
13106-025,-22.87838
13035-270,-22.91063
17060-330,-22.3172
18609-083,-22.8709
03658-000,-23.52444
12400-010,-22.92509
12327-005,-23.30596
13800-207,-22.44665
13250-290,-23.00403
09710-011,-23.70367
13630-010,-21.99767
12940-800,-23.11794
14160-500,-21.14223
14701-000,-20.95154
19814-000,-22.66162
02010-300,-23.48579
06013-060,-23.53013
02915-100,-23.49948
02033-020,-23.49975
14802-500,-21.76328
03870-100,-23.50744
05508-010,-23.56032
45028-100,-14.86967
13574-031,-22.02792
69078-000,-3.12196
41820-910,-12.97813
65046-660,-2.55069
13480-070,-22.5689
13503-251,-22.41311
17519-000,-22.22025
19020-120,-22.11302
16020-265,-21.22688
12040-000,-23.0249
14802-396,-21.77831
06455-000,-23.49929
06090-020,-23.53019
11040-001,-23.97448
14025-390,-21.1842
02330-001,-23.46883
04165-001,-23.62666
14400-770,-20.54239
40255-370,-12.97547
20270-002,-22.91659
69304-015,2.83103
48903-580,-9.4134
26210-171,-22.75375
25070-330,-22.78795
25071-182,-22.79212
42827-000,-12.64966
30640-070,-19.97485
36202-360,-21.21553
69906-210,-9.98662
38414-348,-18.91273
32230-020,-19.97024
75020-030,-16.32862
70165-900,-15.80097
76820-340,-8.7623
69088-480,-3.0309
69054-700,-3.0713
79064-060,-20.54994
74303-280,-16.69786
36010-012,-21.76564
69305-098,2.82888
68509-060,-5.34309
41810-012,-12.99023
14080-530,-21.15175
33120-452,-19.79359
77024-002,-10.25507
72860-445,-16.25393
13025-320,-22.89707
79010-500,-20.43625
78740-126,-16.47838
49035-660,-10.98064
13330-005,-23.0868
11013-190,-23.93744
92020-240,-29.91065
69918-111,-9.97312
09041-321,-23.6576
39690-970,-17.79003
97060-002,-29.69329
32041-770,-19.91697
39401-001,-16.73721
21530-900,-22.83042
86046-000,-23.34539
70074-900,-15.80137
15503-027,-20.39407
13465-350,-22.73608
28010-000,-21.75596
71950-904,-15.86343
70095-900,-15.77829
70331-525,-15.80558
72546-200,-16.00501
16050-500,-21.19598
22431-050,-22.98344
86050-270,-23.33516
84040-150,-25.10552
87015-400,-23.42517
66055-260,-1.44816
70308-000,-15.80291
88015-100,-27.59249
70380-550,-15.82446
72600-300,-15.90154
85801-080,-24.95816
50070-160,-8.05603
68300-970,-1.40333
69918-048,-9.973
45985-200,-17.53366
86701-010,-23.40876
65903-250,-5.51512
91330-001,-30.02808
90010-260,-30.03009
12245-720,-23.19175
58400-515,-7.21956
01504-000,-23.56779
01012-000,-23.54732
01430-000,-23.56798
01427-002,-23.56435
04738-000,-23.64145
04794-000,-23.61933
30140-150,-19.93682
52060-180,-8.0311
48005-470,-12.14156
58400-468,-7.22449
56330-290,-9.3864
64049-370,-5.06996
68908-350,0.05654
30140-082,-19.92924
80730-350,-25.43589
70048-900,-15.78793
70095-901,-15.77829
70042-900,-15.77829
30160-017,-19.92904
79020-230,-20.45639
88330-050,-26.98683
74180-040,-16.70045
69057-010,-3.10999
25620-003,-22.51092
36025-290,-21.77669
25255-030,-22.6431
90560-005,-30.0258
99010-031,-28.2608
88110-639,-27.57751
01452-002,-23.57312
01031-001,-23.53969
49025-330,-10.93574
20091-040,-22.90044
93010-220,-29.76766
24030-078,-22.8931
22230-061,-22.93661
66635-110,-1.36311
38010-370,-19.75842
80030-030,-25.42235
20270-020,-22.91172
04062-000,-23.60183
08295-001,-23.55053
05512-100,-23.57638
40140-230,-13.00919
41940-457,-12.99486
40110-150,-12.99275
38400-242,-18.93111
26182-000,-22.71058
01442-001,-23.56529
74005-010,-16.67544
68903-362,0.00241
39400-215,-16.72312
22745-005,-22.936
59625-000,-5.19954
65073-005,-2.49665
88035-000,-27.59027
58037-051,-7.07925
29101-284,-20.34105
60150-165,-3.73496
74475-115,-16.61802
65066-160,-2.48507
31160-470,-19.87377
78010-500,-15.6006
35162-359,-19.46349
32315-172,-19.93611
04571-010,-23.6055
57035-380,-9.6558
77015-002,-10.24961
74215-240,-16.70216
80810-000,-25.41547
49010-906,-10.90894
58030-001,-7.11965
04532-001,-23.589
30160-019,-19.92904
89802-001,-27.11153
13201-012,-23.19065
04719-907,-23.63023
17502-000,-22.22236
89010-003,-26.91757
17016-050,-22.3435
80420-080,-25.43399
87014-070,-23.42123
60025-060,-3.73148
69918-099,-9.99049
77020-020,-10.23008
74020-200,-16.67544
79800-025,-22.22597
97015-371,-29.68173
64014-535,-5.09517
09605-000,-23.66328
29101-285,-20.34105
54410-902,-8.16787
37550-109,-22.23279
36500-026,-21.11965
29300-170,-20.84822
89160-155,-27.21648
78700-980,-16.4718
89700-085,-27.22941
78896-018,-12.54485
14026-040,-21.21317
08041-020,-23.51127
75908-740,-17.79308
29900-032,-19.40795
06020-000,-23.54802
72010-080,-15.77829
70360-520,-15.81523
71710-500,-15.86771
72405-015,-15.83227
73010-531,-15.65005
71200-900,-15.81891
70740-524,-15.76656
71208-900,-15.81912
71020-627,-15.8149
70300-903,-15.79318
74063-010,-16.67544
75083-350,-16.30563
01003-000,-23.54888
72135-030,-16.00896
72705-030,-15.82916
72215-500,-15.81852
70072-900,-15.80146
70610-430,-15.7875
70610-200,-15.82635
72800-480,-16.26923
70380-530,-15.82247
72225-250,-15.80514
72150-511,-15.82295
70632-200,-15.76408
70276-400,-15.82773
72020-065,-15.84952
70769-900,-15.74827
72445-010,-16.00764
72316-500,-15.87579
71070-640,-15.78617
71725-100,-15.85402
71570-050,-15.77754
72115-125,-15.82605
70340-906,-15.79785
70711-000,-15.78806
71505-000,-15.7216
70390-700,-15.82624
72545-970,-16.00579
70670-432,-15.80774
72876-902,-16.07264
71691-001,-15.79199
72220-309,-15.83587
72610-300,-15.90486
71810-300,-15.88252
70660-020,-15.7783
71910-360,-15.84626
72220-503,-15.82256
79002-351,-20.45985
71988-720,-15.7845
72110-015,-15.82695
72237-130,-15.74703
73350-202,-15.70109
70730-521,-15.77529
71680-349,-15.85129
72900-970,-15.94307
73062-806,-15.64525
72860-436,-16.25393
71200-010,-15.81891
70075-900,-15.7858
70070-550,-15.78084
71929-540,-15.83912
72405-610,-15.7823
72210-140,-15.82624
72425-000,-15.79897
71050-175,-15.77829
73310-150,-15.62051
70850-070,-15.77694
70040-909,-15.78913
72405-901,-15.7823
73310-000,-15.82608
73010-901,-15.62905
72115-902,-15.82273
70620-000,-15.77183
72215-110,-15.81411
72300-630,-15.80358
72115-901,-15.82272
38610-970,-16.36154
72306-003,-15.87685
73750-005,-15.43054
71570-903,-15.78015
72720-660,-15.68112
72007-090,-15.79147
71255-080,-16.01097
74070-010,-16.66736
70040-250,-15.7888
72145-450,-15.81205
70688-170,-15.81773
57020-255,-9.66511
58040-000,-7.11977
58037-000,-7.0975
58067-020,-7.20773
58037-432,-7.08912
71880-522,-15.90465
06029-900,-23.5493
88010-120,-27.59436
89201-250,-26.29799
88010-002,-27.59395
09680-900,-23.66493
01228-200,-23.55156
01451-010,-23.58456
01451-904,-23.57596
71608-900,-15.86956
70331-515,-15.80609
70346-520,-15.81564
70750-500,-15.76222
72010-030,-15.77829
70055-900,-15.78793
70630-000,-15.77217
74043-011,-16.67479
74505-011,-16.66989
75024-100,-16.32655
78005-500,-15.59793
79330-070,-19.00469
69010-050,-3.13275
66017-000,-1.45259
68005-000,-2.41716
65020-590,-2.52889
65602-010,-4.86236
64000-140,-5.07134
64200-970,-2.9035
60025-131,-3.7391
63010-222,-7.20354
59025-280,-5.78347
59037-200,-5.80047
59025-000,-5.78437
58010-770,-7.11809
58011-000,-7.12834
58100-263,-6.97181
58400-025,-7.21395
58700-070,-7.02714
50010-000,-8.0633
50770-000,-8.08001
51210-001,-8.128
52030-060,-8.03828
52070-200,-8.0231
50030-030,-8.06445
55002-400,-8.28473
55293-000,-8.88968
57020-090,-9.74516
57300-190,-9.75381
57600-050,-9.40605
49010-130,-10.90694
40445-001,-12.94182
48005-220,-12.13935
44002-296,-12.25186
45600-087,-14.79213
45200-902,-13.8615
45820-081,-16.3691
45000-904,-14.85797
48903-400,-9.41121
30120-070,-19.91838
30190-003,-19.92186
30120-060,-19.91979
30170-120,-19.92277
31010-514,-19.91253
31210-442,-19.91286
30140-140,-19.93682
31140-003,-19.8992
30150-330,-19.92355
30140-061,-19.92693
37130-073,-21.42849
38440-238,-18.65174
36200-074,-21.22451
36770-071,-21.38484
35790-207,-18.75462
35500-003,-20.14373
35570-024,-20.46187
35010-250,-18.8539
35160-304,-19.5063
35900-001,-19.63963
37500-180,-22.41426
38300-076,-18.97433
36016-310,-21.76564
36400-070,-20.65997
36900-103,-20.25785
39400-001,-16.72553
34000-087,-19.98226
38600-196,-17.21719
38700-122,-18.59013
38740-036,-18.93863
37701-012,-21.78693
35430-012,-20.41762
37550-157,-22.23483
36307-302,-21.13321
35700-640,-19.43872
39800-019,-17.86522
37410-137,-21.69874
36500-095,-19.86465
38400-122,-18.95687
38400-186,-18.92054
37002-035,-21.55843
36570-035,-20.7537
29010-360,-20.31976
29304-048,-20.85698
29700-011,-19.53547
29100-011,-20.33619
24230-102,-22.90469
27330-110,-22.54639
27123-000,-22.46915
28906-200,-22.87726
28010-230,-21.7578
25020-140,-22.79136
25900-094,-22.65642
26220-060,-22.75894
28613-001,-22.28032
26525-023,-22.8082
25520-662,-22.80138
25953-236,-22.41196
24445-360,-22.82278
25804-000,-22.11577
27260-150,-22.51747
20050-008,-22.90664
20090-003,-22.91195
21645-010,-22.82844
21810-011,-22.88115
22031-072,-22.96705
21032-000,-22.86162
22270-014,-22.95121
23050-102,-22.90405
21310-310,-22.88235
22240-000,-22.93432
22060-001,-22.96651
21940-005,-22.81039
21910-295,-22.80321
22020-002,-22.96651
22430-210,-22.98407
22291-060,-22.94914
20520-054,-22.93224
23510-006,-22.93002
20020-080,-22.90836
20940-001,-22.86275
01001-000,-23.55071
03180-001,-23.55755
01014-000,-23.54573
01310-918,-23.56059
01412-100,-23.56044
01318-001,-23.56433
03057-040,-23.54107
03012-010,-23.54229
01523-000,-23.5649
02515-000,-23.51053
05314-000,-23.53332
04381-000,-23.64939
07180-000,-23.45121
01043-000,-23.54614
07115-000,-23.45967
04029-100,-23.60815
04208-001,-23.58423
01026-001,-23.53957
05074-050,-23.5201
05033-002,-23.52274
79031-010,-20.45858
02731-000,-23.49998
03603-020,-23.52577
05420-001,-23.56005
01226-010,-23.53743
02310-001,-23.47756
02113-012,-23.51839
03126-050,-23.58148
13900-490,-22.70336
16901-001,-20.89795
16010-010,-21.20528
14801-050,-21.79609
19800-020,-22.66329
18705-060,-23.10263
14300-039,-20.89077
17010-180,-22.32726
14700-129,-20.95052
18602-903,-22.88933
12900-150,-22.95817
12281-630,-23.10046
13012-100,-22.90491
15800-105,-21.13514
12701-440,-22.57719
11510-000,-23.86788
15603-006,-20.27997
14400-670,-20.53684
17400-000,-22.21151
18200-014,-23.59181
13970-160,-22.43615
13250-329,-23.00591
13300-150,-23.2624
14870-140,-21.25721
12327-000,-23.30368
17201-460,-22.29491
13201-000,-23.18376
16400-505,-21.67196
12600-020,-22.73201
17509-051,-22.21105
15130-065,-20.81748
13730-038,-21.46645
13800-033,-22.43752
15400-085,-20.73943
19900-030,-22.9778
16300-013,-21.41657
12400-460,-22.92831
13400-330,-22.72376
18800-009,-23.19296
13630-140,-22.0087
19010-081,-22.12331
14010-080,-21.17692
13500-160,-22.28159
13320-200,-23.20743
09010-090,-23.65746
11013-200,-23.93681
09720-000,-23.70926
09510-020,-23.61397
13870-120,-21.97067
12245-031,-23.19388
15010-070,-20.81273
11310-071,-23.96665
18010-190,-23.49713
06754-190,-23.60863
15900-015,-21.4075
18270-330,-23.35713
12080-300,-23.02514
17600-005,-21.93297
13270-160,-22.97016
15500-010,-20.45244
11460-000,-23.98807
11045-003,-23.96512
18013-002,-23.49477
80010-130,-25.43525
80020-180,-25.42676
80045-340,-25.42767
80010-190,-25.43376
80610-260,-25.47127
80020-010,-25.43269
83702-310,-25.59391
83601-010,-25.45761
87300-005,-24.0398
84165-550,-25.76631
85010-250,-25.39188
84500-069,-25.42921
86010-919,-23.31181
83203-005,-25.51827
84010-260,-25.09015
86600-093,-23.31122
84600-295,-26.23293
88010-902,-27.59644
88075-540,-27.58225
89010-202,-26.91898
88350-200,-27.09458
89460-052,-26.17638
89802-120,-27.10117
88801-440,-28.67555
88301-441,-26.9114
89252-000,-26.48064
89201-000,-26.30517
88502-170,-27.81364
89160-906,-27.21248
88701-170,-28.48167
88900-902,-28.93695
90020-007,-30.02991
91349-900,-30.0253
90020-011,-30.02991
90160-003,-30.05338
92110-000,-29.95048
90440-002,-30.02037
90035-191,-30.03407
91740-000,-30.10725
90560-003,-30.0258
92200-714,-29.93477
90050-002,-30.04108
90880-480,-30.06035
90440-050,-30.03076
90220-007,-29.99744
91010-004,-30.00972
90010-350,-30.03586
90230-123,-30.01114
90870-001,-30.07878
90020-150,-30.02865
91360-001,-30.02288
90030-130,-30.02576
90035-072,-30.02935
97542-600,-29.78298
96400-006,-31.33351
95700-028,-29.16434
96780-034,-30.85281
92010-240,-29.92028
95010-000,-29.16784
98005-000,-28.64156
99700-394,-27.62882
93600-010,-29.65388
93265-157,-29.85013
95170-488,-29.22861
94010-011,-29.94159
92704-555,-30.10862
93510-365,-29.68561
99010-190,-28.26228
96015-000,-31.76378
96200-380,-32.031
96810-046,-29.71726
97050-001,-29.68734
98780-340,-27.86542
98801-610,-28.30105
97573-613,-30.89238
97300-376,-30.34049
93010-002,-29.76322
93800-026,-29.63447
95600-080,-29.64852
97501-636,-29.75555
95200-016,-28.51554
96200-270,-32.03809
97110-800,-29.70139
69900-076,-9.97335
30180-110,-19.91621
20040-006,-22.91195
21210-154,-22.84213
22290-070,-22.95587
07786-495,-23.33494
68371-000,-3.2061
68181-000,-4.27424
29900-040,-19.40108
58800-050,-6.75881
54505-560,-8.28282
59600-200,-5.19388
49500-118,-10.68607
79801-011,-22.22913
79601-000,-20.75481
75701-010,-18.16781
75800-062,-17.88192
75901-050,-17.79509
85810-000,-24.95517
87200-246,-23.6587
87501-170,-23.76278
89500-148,-26.77571
22010-100,-22.96365
16200-056,-21.29119
13840-190,-22.36956
18130-450,-23.52886
60165-010,-3.7238
81510-001,-25.46779
22410-001,-22.98397
85851-020,-25.54412
18400-430,-23.98195
15700-064,-20.26459
15990-010,-21.60343
85601-000,-26.07736
08010-000,-23.49348
36700-076,-21.53234
77803-140,-7.19431
04602-001,-23.62332
63500-050,-6.36241
78700-150,-16.48318
90110-001,-30.04957
55602-020,-8.11603
89700-128,-27.22809
89280-169,-26.24835
15014-050,-20.81796
76801-905,-8.76213
06311-000,-23.52124
64800-132,-6.76584
64600-094,-7.0746
08674-002,-23.53821
71020-617,-15.81995
65903-320,-5.54462
70092-900,-15.80115
80540-180,-25.40518
52060-904,-8.03706
69301-360,2.81897
72405-514,-16.02064
04132-001,-23.65779
68900-099,0.03959
09390-040,-24.09743
29075-910,-20.28209
80060-906,-25.42766
70047-900,-15.78793
74690-900,-16.59864
41820-908,-12.98111
21510-102,-22.84962
71605-495,-15.83626
13015-001,-22.90716
50740-710,-8.05169
21710-231,-22.87808
30130-008,-19.94407
68500-300,-5.35106
63113-500,-7.22794
78068-401,-15.61161
71720-520,-15.86907
01301-000,-23.55193
69100-900,-3.144
69151-270,-2.6248
84261-060,-24.32517
85900-020,-24.7282
58039-181,-7.1122
58400-052,-7.2189
06401-125,-23.50881
13660-039,-21.85521
63700-139,-5.17643
62500-004,-3.49844
61942-460,-3.88744
63900-195,-4.96917
59020-200,-5.79221
65300-115,-3.65699
47800-187,-12.14787
62322-145,-3.73097
73801-300,-15.54567
76382-187,-16.79976
77410-010,-11.72768
89560-200,-27.00577
11660-130,-23.61996
57022-180,-9.6716
24800-130,-22.90711
56302-906,-9.39836
31160-190,-19.88303
70273-510,-15.82266
66035-415,-1.45238
29051-035,-20.31501
91790-229,-30.15109
57055-000,-9.64415
94910-001,-29.94845
57240-024,-9.7814
89080-024,-26.89398
78550-286,-11.85459
64048-110,-5.07719
79070-900,-20.48929
13140-080,-22.76136
70046-900,-15.78793
51020-900,-8.11692
78210-900,-16.06463
75830-086,-17.56867
70049-900,-15.78793
54735-000,-7.99129
89300-170,-26.11583
88015-240,-27.58794
29018-250,-20.32003
29200-180,-20.66929
29176-110,-20.12432
66033-000,-1.45962
66010-000,-1.45259
79904-628,-22.5384
23900-315,-23.00671
80420-010,-25.43444
32600-225,-19.96959
35170-008,-19.52743
13330-180,-23.0868
13610-220,-22.18693
19700-015,-22.41551
07851-010,-23.33005
08550-350,-23.51828
23815-291,-22.87176
91310-002,-30.04372
93220-280,-29.82648
56903-415,-7.97637
56506-911,-8.41939
53030-905,-7.99811
60160-196,-3.73516
60025-001,-3.73844
88330-075,-26.98841
50050-050,-8.05925
68459-606,-3.78144
60325-000,-3.73096
09400-100,-23.71044
85301-050,-25.40399
30110-001,-19.91467
39442-016,-15.80384
53401-445,-7.94824
44440-900,-12.9811
43805-902,-12.6708
91900-000,-30.09847
94410-000,-30.083
13450-023,-22.75313
18681-000,-22.5982
11700-005,-24.00598
73010-512,-15.65067
73310-300,-15.65054
70760-524,-15.74827
08570-060,-23.47632
11410-161,-23.99805
14940-175,-21.75722
06850-730,-23.71783
48608-470,-9.40269
04563-011,-23.60636
68550-325,-8.03114
20230-014,-22.91438
74115-030,-16.68334
80030-000,-25.41904
81150-050,-25.50485
80060-070,-25.4344
81630-000,-25.47685
04112-000,-23.58832
01011-000,-23.54535
03356-000,-23.56361
02071-002,-23.50629
03512-000,-23.53676
74915-906,-16.74204
58020-500,-7.11523
04246-002,-23.61598
41213-000,-12.93339
57020-180,-9.66602
31615-310,-19.80399
22730-190,-22.92125
21060-100,-22.8554
20520-055,-22.93224
20970-007,-22.89449
50720-000,-8.05495
50060-000,-8.06905
51030-010,-8.1422
40110-160,-12.9914
29075-073,-20.27677
55192-030,-7.95889
70094-900,-15.78084
72710-582,-15.79062
70304-914,-15.80294
69020-070,-3.12624
49075-370,-10.91092
29164-044,-20.21728
60410-357,-3.75802
60192-205,-3.74489
42800-914,-12.73035
70381-510,-15.82734
33010-200,-19.76723
89110-901,-26.92921
88020-301,-27.59671
05438-100,-23.54627
74530-010,-16.68645
21532-290,-22.80459
20765-140,-22.87333
07600-027,-23.31836
57030-000,-9.6654
79006-000,-20.48441
45985-198,-17.53822
30140-003,-19.93129
17120-009,-22.47601
04028-003,-23.60815
03028-000,-23.5277
18870-009,-21.2561
13280-304,-23.03404
07400-555,-23.39604
13230-100,-23.20349
13150-029,-22.643
08500-405,-23.54442
13910-035,-22.70728
09220-611,-23.75948
09710-190,-23.70367
13010-001,-22.90613
18300-005,-24.00599
09571-010,-23.63591
04511-001,-23.59533
06804-010,-23.64772
06694-000,-23.54049
01214-000,-23.53583
01206-000,-23.53302
11060-900,-23.96897
03871-000,-23.498
40285-001,-12.99009
75388-238,-16.65248
55815-040,-7.844
28941-172,-22.83582
24900-445,-22.91708
24360-440,-22.91802
29130-148,-20.39108
83055-320,-25.48399
86010-000,-23.31323
50010-040,-8.06132
69085-000,-3.06609
69070-530,-3.14497
65025-001,-2.53064
66090-100,-1.4484
66645-250,-1.40859
80420-090,-25.44248
21230-500,-22.82487
28994-795,-22.89166
25070-005,-22.78991
24120-191,-22.8808
22451-040,-22.97722
22260-005,-22.95078
88025-255,-27.57293
06226-006,-23.51154
11609-001,-23.7994
01453-000,-23.58374
04321-130,-23.64432
02465-100,-23.48504
01427-000,-23.56435
02720-000,-23.48668
05042-001,-23.52497
04036-000,-23.5912
74610-090,-16.67267
70760-525,-15.74775
12243-001,-23.20113
20520-053,-22.93224
65020-300,-2.53438
30580-002,-19.96232
94810-001,-29.75845
85812-002,-24.95517
40260-001,-12.90669
69010-120,-3.12827
35182-054,-19.57766
60533-661,-3.77568
86060-000,-23.31367
80620-010,-25.45796
32400-403,-20.02033
78020-000,-15.60473
49010-340,-10.91841
70673-641,-15.79669
27253-223,-22.5129
24020-105,-22.89468
40015-901,-12.97125
40280-000,-12.98428
41940-350,-13.01371
40140-020,-13.0043
40070-080,-12.98397
80710-500,-25.43589
80530-000,-25.41922
32017-680,-19.91324
30380-380,-19.94561
30110-017,-19.92462
30112-011,-19.93735
38010-030,-19.74509
36051-000,-21.74238
38400-458,-18.91452
38010-280,-19.75344
29703-100,-19.51939
89036-004,-26.91887
87013-130,-23.42354
84010-380,-25.27586
69055-000,-3.08087
74045-010,-16.66485
74070-030,-16.67119
86020-380,-23.3121
89211-300,-26.33112
72115-120,-15.82303
57020-050,-9.66208
45600-004,-14.79213
60135-238,-3.75138
60720-080,-3.77384
80420-190,-25.43678
79002-214,-20.4573
78020-300,-15.60876
03149-100,-23.56816
01327-002,-23.56242
09080-500,-23.6477
74810-907,-16.70843
65051-310,-2.5415
65076-190,-2.50715
66040-172,-1.45606
54410-010,-8.19118
53429-000,-7.89469
50030-000,-8.06349
52020-015,-8.04525
50050-290,-8.05603
59078-600,-5.85715
90040-001,-30.03539
95020-172,-29.1669
95097-000,-29.17924
91010-005,-30.00972
90610-000,-30.04833
99010-060,-28.26048
96015-280,-31.76671
97060-003,-29.69329
91770-000,-30.14034
05405-000,-23.55849
09310-080,-23.66816
13208-053,-23.19033
04355-001,-23.63492
13076-007,-22.88314
64018-290,-5.10552
64017-090,-5.0961
06013-050,-23.53126
01531-000,-23.57
15015-300,-20.81201
44001-296,-12.25459
11060-000,-23.9462
04617-002,-23.61708
03350-000,-22.84937
26210-150,-22.75868
26215-512,-22.75409
28620-000,-22.3046
74423-010,-16.68125
80230-150,-25.44218
80530-010,-25.41704
86015-000,-23.33005
82810-060,-25.43745
80220-200,-25.45397
03635-001,-23.52233
89204-001,-26.29132
30411-330,-19.92376
36016-450,-21.77215
35010-131,-18.8598
29122-355,-20.33965
93125-144,-29.73541
90880-001,-30.06444
65030-001,-2.54258
20511-000,-22.92175
25620-002,-22.51092
01229-001,-23.54048
08115-100,-23.48758
04063-004,-23.60183
03318-000,-23.54441
02306-002,-23.47226
89052-001,-26.88999
88802-260,-28.68202
30160-011,-19.91852
14403-460,-20.54124
49026-900,-10.94408
34505-830,-19.89053
31270-672,-19.85271
67030-007,-1.36764
87013-040,-23.42354
84053-000,-25.08447
93022-970,-29.79239
88130-101,-27.64522
01452-919,-23.5695
04701-200,-23.60673
76963-887,-11.43771
76900-036,-10.8757
76980-153,-12.73982
76870-074,-9.91597
75680-021,-17.73564
74230-030,-16.71413
90010-210,-30.0306
90550-140,-30.00989
88304-300,-26.90404
88015-900,-27.59412
88160-144,-27.49869
88101-091,-27.59243
88010-010,-27.59669
88370-902,-26.89537
66810-000,-1.25527
13206-716,-23.20176
60356-412,-3.73798
60175-070,-3.7277
89801-140,-27.09556
89201-300,-26.29816
58110-160,-7.12483
78053-734,-15.56737
60015-290,-3.73868
89010-000,-26.91757
13380-013,-22.77734
14025-000,-21.18448
82300-332,-25.41785
60040-530,-3.75008
61900-225,-3.87773
29090-860,-20.26493
60833-005,-3.79437
79002-075,-20.46245
64022-135,-5.13453
64001-300,-5.09515
17010-031,-22.32028
14010-100,-21.17806
13560-290,-22.02543
19010-270,-22.12158
17500-020,-22.2244
64000-917,-5.0881
59140-200,-5.92129
59108-550,-5.75684
29300-195,-20.84757
29162-780,-20.195
59054-700,-5.82343
57037-901,-9.64714
79800-022,-22.22597
13220-005,-23.21287
17016-190,-22.33695
12215-651,-23.19056
13465-590,-22.74263
31170-360,-19.88676
45990-000,-17.53332
49025-230,-10.93478
60030-140,-3.72561
15015-700,-20.80928
49010-120,-10.91379
30170-000,-19.92509
53610-901,-7.82317
51110-131,-8.08809
06600-055,-23.52943
18110-005,-23.53776
06053-014,-23.55063
07064-002,-23.4576
13405-260,-22.70721
09656-000,-23.65322
15015-000,-20.81454
40150-120,-12.99783
58407-363,-7.2225
79004-000,-20.47939
79021-151,-20.45366
97020-000,-29.69936
20261-063,-22.92497
30112-020,-19.93324
35522-008,-19.87764
75080-240,-16.31638
20720-011,-22.90408
72210-120,-15.81283
74255-220,-16.70914
69900-715,-9.96619
74823-080,-16.71377
75123-390,-16.33995
35180-028,-19.53836
29043-260,-20.29799
14401-110,-20.52999
35160-019,-19.47627
51020-021,-8.1266
89068-001,-26.82248
30110-028,-19.93052
49045-760,-10.93471
20070-006,-22.90254
72020-111,-15.84688
70715-900,-15.78914
57045-000,-9.61831
49035-900,-10.94379
36036-000,-21.75451
65036-010,-2.5398
74015-908,-16.67336
49015-380,-10.92426
32600-125,-19.96794
20070-003,-22.90254
29057-565,-20.29554
29100-295,-20.34265
28010-801,-21.76007
77020-008,-10.19016
81050-000,-25.48392
09710-010,-23.70367
86084-000,-23.25797
74930-530,-16.76894
11250-048,-23.84424
86015-904,-23.33341
28893-093,-22.44419
12246-870,-23.21697
76807-313,-8.79169
55012-030,-8.28025
32800-098,-19.7579
68900-110,0.03515
20031-202,-22.91099
20041-004,-22.90272
96020-260,-31.74459
76804-110,-8.7679
69095-120,-3.03118
13040-000,-22.92874
83501-140,-25.31212
83823-901,-25.65724
08740-250,-23.53704
18103-000,-23.44146
09190-210,-23.67177
01016-040,-23.54863
01307-001,-23.55294
02071-010,-23.50629
13105-500,-22.8798
13454-178,-22.74583
13180-000,-22.82326
02341-000,-23.46883
20230-070,-22.90982
71625-203,-15.84416
12010-080,-23.0241
01318-000,-23.56433
09290-730,-23.64735
09751-250,-23.69295
12224-480,-23.16772
01503-001,-23.55934
20520-090,-22.92472
13070-001,-22.89211
13163-004,-22.57843
13500-270,-22.41314
05413-010,-23.55848
22040-002,-22.96833
93542-000,-29.69716
87111-220,-23.43392
06086-055,-23.53585
30320-570,-19.97569
30455-610,-19.96746
03336-000,-23.55331
02013-003,-23.50299
04551-000,-23.59568
07051-000,-23.46468
04723-002,-23.64635
03989-000,-23.61486
24220-002,-22.90211
12235-680,-23.23919
09180-001,-23.68678
81280-270,-25.44199
32340-001,-19.94281
05005-001,-23.53281
03115-020,-23.56205
14075-260,-21.14761
14050-040,-21.2676
14055-630,-21.1459
13209-430,-23.1754
07901-085,-23.28003
03143-000,-23.58964
22640-000,-23.00716
84025-000,-25.09378
09913-000,-23.6847
01452-924,-23.57914
11013-151,-23.93585
02235-001,-23.47653
13084-008,-22.81507
15801-280,-21.13754
74560-478,-16.73255
69400-904,-3.2799
25586-140,-22.79045
83408-010,-25.37288
82600-000,-25.38715
13480-074,-22.57064
09370-670,-23.67212
88817-600,-28.6773
35500-008,-20.14355
69065-080,-3.12876
19900-041,-22.97879
06436-000,-23.50412
56304-920,-9.38631
14810-256,-21.78039
14170-160,-21.14276
04010-200,-23.5912
04089-001,-23.60669
13344-610,-23.10833
81170-150,-25.51403
74805-100,-16.69161
72545-200,-16.00579
71070-082,-15.84361
40725-580,-12.865
09601-000,-23.67335
08673-020,-23.54156
04038-033,-23.59705
05650-002,-23.61744
13416-140,-22.71353
01402-001,-23.56985
05110-000,-23.49813
54340-740,-8.16424
55014-000,-8.27074
54759-475,-8.01486
51111-010,-8.1266
02350-001,-23.45795
06013-000,-23.53257
09690-000,-23.66809
24350-680,-22.94414
24466-315,-22.81496
29102-034,-20.36115
38400-108,-18.91743
36010-060,-21.76544
01431-000,-23.56798
04007-005,-23.58014
71820-510,-15.88383
74330-050,-16.7128
01012-001,-23.54732
69025-360,-3.11566
37701-034,-21.79053
01305-000,-23.55482
13141-170,-22.79192
13561-003,-22.01144
11020-001,-23.96309
05050-000,-23.52369
72915-015,-15.75516
01009-000,-23.54644
04717-002,-23.62951
01002-000,-23.54856
21351-050,-22.87225
05107-001,-23.51421
95702-002,-29.17339
95020-450,-29.16458
99070-000,-28.26628
59600-090,-5.19135
36010-071,-21.76253
23894-358,-22.74717
20060-070,-22.90731
20030-003,-22.90763
86061-450,-23.32132
89251-700,-26.48632
88102-650,-27.60394
66085-023,-1.42626
11726-000,-23.99393
29090-160,-20.24649
07034-911,-23.47896
04645-100,-23.65056
24020-002,-22.89081
12444-170,-22.92194
04551-060,-23.5939
01234-000,-23.5349
13088-650,-22.85501
68902-865,0.02292
68925-204,-0.03545
22743-051,-22.92678
22290-031,-22.95224
01531-001,-23.57
03220-200,-23.60013
22710-112,-22.92781
95020-472,-29.16978
99700-084,-27.64165
39400-546,-16.74016
04636-001,-23.63115
04045-002,-23.60799
53580-020,-7.9155
87015-300,-23.42114
04255-000,-23.62651
06132-006,-23.55397
19013-050,-22.12891
03403-003,-23.5487
89232-301,-26.35768
22440-032,-22.98532
75250-062,-16.69973
40286-000,-12.97949
44001-525,-12.25526
29168-078,-20.23163
93410-035,-29.69604
96830-216,-29.73949
79021-430,-20.45389
20771-004,-22.88667
27321-200,-22.52459
01326-010,-23.55833
38400-766,-18.90724
87020-900,-23.41093
41810-000,-12.99628
20560-904,-22.91945
03634-000,-23.52457
68040-075,-2.42965
04345-000,-23.64873
68625-006,-2.9949
04604-005,-23.63578
13216-000,-23.18591
45653-020,-14.79887
69060-000,-3.1015
42802-906,-12.70596
08710-430,-23.53797
04043-400,-23.604
11430-003,-24.00946
04846-010,-23.73686
03026-000,-23.53149
06823-475,-23.67185
69065-000,-3.1245
53040-000,-7.98089
35500-011,-20.1391
20050-009,-22.90406
20031-050,-22.91095
67113-000,-1.37014
07252-000,-23.44832
01525-001,-23.56374
35040-570,-18.90086
69550-901,-3.34585
02127-002,-23.5072
26285-060,-22.74538
28030-490,-21.7619
92310-564,-29.91781
59015-900,-5.82629
04543-010,-23.58972
06033-255,-23.56165
17202-000,-22.298
18060-501,-23.49308
05640-003,-23.60653
75064-780,-16.29348
66095-110,-1.42556
67133-000,-1.37041
05092-000,-23.51465
66063-425,-1.45743
13309-050,-23.27469
15091-380,-20.84659
05564-100,-23.58916
12070-000,-23.02191
05416-011,-23.558
05001-000,-23.52623
07174-000,-23.42678
04905-023,-23.69053
61650-000,-3.76539
89239-130,-26.20441
03694-000,-23.5383
05582-001,-23.57075
83206-350,-25.53091
96030-001,-31.75909
07220-000,-23.45873
13472-130,-22.73018
89219-200,-26.26724
09940-150,-23.67495
84040-290,-25.11293
05438-300,-23.54627
22231-020,-22.94163
29150-270,-20.32438
71503-501,-15.71418
31310-430,-19.86891
05843-160,-23.65167
04627-005,-23.65561
69918-172,-9.96789
03345-001,-23.55848
05424-010,-23.56769
06530-001,-23.41187
82220-000,-25.38023
23080-300,-22.89697
54580-430,-8.23388
83020-000,-25.54728
81910-080,-25.53298
78460-017,-13.06776
81530-000,-25.45735
64078-625,-5.10354
27937-600,-22.40251
09820-000,-23.73507
81240-270,-25.45525
36090-330,-21.6903
26553-060,-22.78115
41701-005,-12.96166
82840-170,-25.40617
60822-130,-3.79597
75903-270,-17.78505
13416-240,-22.72011
76829-612,-8.7597
76820-408,-8.74954
79990-970,-22.96898
73751-012,-16.67675
90820-001,-30.09243
91130-001,-30.01544
93020-690,-29.77221
93806-346,-29.65281
94198-000,-29.9211
94950-001,-29.93592
91130-721,-29.99799
92020-478,-29.92419
79100-410,-20.45609
94480-500,-30.06428
77016-002,-10.2433
77020-014,-10.18561
91540-000,-30.07615
94810-002,-29.75845
77818-530,-7.19252
60761-191,-3.82503
17507-000,-22.19469
16600-019,-21.99218
91560-000,-30.10517
91755-010,-30.15739
90650-002,-30.06458
52050-020,-8.03452
93020-664,-29.77279
29900-490,-19.38679
55295-530,-8.88397
83704-580,-25.57216
83601-320,-25.45901
12307-000,-23.29787
08599-000,-23.44461
18078-005,-23.4509
12910-340,-22.94437
16200-008,-21.28811
13181-440,-22.84249
16050-387,-21.20185
15043-290,-20.78283
12947-000,-23.13871
83321-000,-25.45178
83410-590,-25.34913
86050-901,-23.31418
50070-465,-8.065
88106-500,-27.59871
88340-347,-27.02203
88063-000,-27.68417
87025-000,-23.38101
62880-060,-4.09111
55612-901,-8.11711
37553-442,-22.22693
38700-180,-18.59338
45051-075,-14.85552
56306-610,-9.38391
27520-301,-22.47072
30620-330,-19.98618
89056-000,-26.88076
80010-080,-25.43456
06700-158,-23.60567
90010-191,-30.03014
49037-445,-10.99143
62010-820,-3.6907
68555-233,-7.10236
04865-005,-23.81086
11075-002,-23.95022
02989-095,-23.4328
63020-000,-7.22071
69306-665,2.82973
68508-010,-5.34772
89809-760,-27.1046
57037-532,-9.64675
24730-060,-22.82575
26210-050,-22.76063
12232-000,-23.27081
61939-210,-3.84231
13486-171,-22.55918
76908-410,-10.88919
30380-255,-19.94562
20230-261,-22.90877
88310-003,-26.88788
33805-020,-19.7695
41339-060,-12.8964
41510-000,-12.9083
74967-145,-16.82351
70670-513,-15.80177
83040-210,-25.52794
86800-090,-23.5524
75125-390,-16.3548
86020-360,-23.31092
74373-130,-16.71025
80010-110,-25.4359
74593-210,-16.61491
74835-380,-16.73113
65901-020,-5.5376
38026-250,-19.93799
89500-296,-26.7808
79002-140,-20.4639
79002-952,-20.45684
29101-260,-20.34069
39800-015,-17.86243
33110-580,-19.79359
30431-262,-19.93946
96085-000,-31.75752
95097-272,-29.17756
93230-210,-29.84502
95700-324,-29.17068
95900-702,-29.45534
88113-260,-27.55676
57035-558,-9.64518
57040-220,-9.59938
36037-000,-21.77247
35170-097,-19.51335
69900-064,-9.97556
80520-250,-25.40942
99025-054,-28.26855
95012-340,-29.17828
96202-336,-32.04869
95055-097,-29.15292
74705-280,-16.67301
74860-220,-16.73073
74463-330,-16.63991
57038-000,-9.63259
57085-160,-9.54889
75704-020,-18.15816
85055-010,-25.36703
85905-380,-24.71997
11510-100,-23.88695
36204-168,-21.21405
36502-002,-21.12248
87080-000,-23.41
01027-000,-23.53846
03001-000,-23.54449
40391-204,-12.93481
89237-001,-26.29019
29055-620,-20.295
49060-000,-10.90602
11055-001,-23.95749
41820-020,-12.97978
45605-412,-14.79564
45820-011,-16.37267
47800-193,-12.14709
32113-000,-19.87344
44056-232,-12.22075
44020-012,-12.246
44077-005,-12.25624
48030-030,-12.13877
85805-003,-23.06973
64052-335,-5.07557
08375-000,-23.60676
32675-864,-19.94223
45990-289,-17.53332
64002-600,-5.06216
64049-300,-5.07277
89229-101,-26.33437
89801-040,-27.10183
64601-385,-7.07565
49075-170,-10.91845
45200-350,-13.86129
45026-090,-14.88661
87301-000,-24.0398
87010-000,-23.42757
87209-052,-23.65497
11085-203,-23.93665
18320-970,-24.50964
13574-033,-22.02892
11702-480,-24.00703
11340-000,-23.95941
07151-370,-23.41571
79602-020,-20.78929
77405-070,-11.73492
84062-000,-25.08041
87502-250,-23.75759
41600-100,-12.93297
72135-230,-16.0085
88501-101,-27.81834
80040-310,-25.41689
80610-010,-25.46692
99713-110,-27.63856
90640-001,-30.05459
98780-001,-27.87375
89287-655,-26.23286
89700-158,-27.22737
40310-010,-12.96392
68458-010,-3.7666
69316-002,2.77171
69317-182,2.81617
13025-005,-22.90135
38406-173,-18.8763
95074-001,-29.17022
85869-580,-25.49463
80530-906,-25.41943
13036-120,-22.93063
03453-100,-23.56369
03949-011,-23.60303
04660-006,-23.65658
03374-001,-23.61267
27913-350,-22.38288
09951-550,-23.6919
03239-000,-23.5955
02304-002,-23.48154
09850-310,-23.72517
06775-003,-23.63957
22621-200,-23.01169
02185-000,-23.51734
03809-150,-23.4886
01302-001,-23.55193
02734-000,-23.49944
13092-123,-22.90162
20260-141,-22.92028
22753-033,-22.95153
20211-110,-22.91013
03711-012,-23.50737
12322-570,-23.30887
01045-001,-23.54426
05835-004,-23.64433
13023-075,-22.89244
02420-000,-23.47372
08780-070,-23.5223
01125-001,-23.52703
07191-000,-23.44668
14090-270,-21.17866
13070-150,-22.89048
13035-680,-22.91263
05323-002,-23.53927
13184-900,-22.86302
13054-105,-22.97143
09726-262,-23.68429
09230-700,-23.62978
08022-000,-23.49351
41320-100,-12.90673
26325-282,-22.73411
13420-610,-22.73945
02209-001,-23.48129
44051-335,-12.24455
41750-230,-12.98465
19015-240,-22.12347
09550-050,-23.62168
25071-181,-22.79212
28635-000,-22.23694
28080-460,-21.74628
85819-351,-24.97333
04703-001,-23.64199
05204-140,-23.40738
02035-022,-23.49224
11370-000,-23.95594
06412-180,-23.49548
05724-002,-23.63152
04762-000,-23.66604
08140-000,-23.5123
18095-000,-23.48564
05379-000,-23.56907
04795-000,-23.53781
11025-200,-23.97773
04685-002,-23.66024
24440-400,-22.82788
20070-022,-22.9028
26525-001,-22.80817
25730-735,-22.40002
20770-000,-22.90223
25565-172,-22.7883
08210-590,-23.53136
13847-005,-22.36299
93336-002,-29.69106
03527-904,-23.69673
85856-000,-25.53475
30190-060,-19.92031
04014-010,-23.58564
03153-001,-23.59137
45000-720,-14.85179
24426-470,-22.83705
25010-145,-22.78586
72316-532,-15.86215
17017-383,-22.35305
29215-005,-20.65232
22790-703,-23.01943
74015-170,-16.67336
18760-021,-23.03483
17021-005,-22.30618
17032-000,-22.3191
13026-510,-22.91133
18200-046,-23.58744
16401-300,-21.67191
31520-000,-19.81544
72880-606,-16.09708
72900-362,-15.94307
13411-077,-22.67596
13185-230,-22.89667
13188-000,-22.89374
12030-212,-23.03545
12209-650,-23.1826
07790-500,-23.40964
14820-023,-21.72678
14401-240,-20.52646
14024-260,-21.19964
01311-940,-23.55866
96207-424,-32.1902
60710-001,-3.78209
61760-046,-3.89017
76820-148,-8.75637
72600-123,-15.90102
28035-301,-21.75751
83075-050,-25.53338
41245-805,-12.92037
75682-000,-17.75645
06653-010,-23.54903
13348-503,-23.11987
11060-400,-23.96468
14780-425,-20.55312
09750-730,-23.69173
13334-085,-23.08628
61814-332,-3.88349
27213-150,-22.5069
24855-296,-22.77479
75901-250,-17.7965
77809-235,-7.20549
34007-672,-20.06156
36884-084,-21.13033
31555-000,-19.84624
37135-242,-21.42398
38411-001,-18.93128
83326-000,-25.40047
68501-680,-5.37056
22745-004,-22.936
28896-013,-22.50413
60355-000,-3.72436
21862-005,-22.86582
60871-170,-3.83314
96010-280,-31.76965
97030-350,-29.69197
93348-460,-29.66974
92200-004,-29.95418
95020-372,-29.16144
97050-545,-29.6918
90010-220,-30.03097
64215-790,-2.93801
21235-112,-22.85095
71560-100,-15.75608
72450-070,-16.00904
72120-270,-15.81568
71972-540,-15.87033
70070-030,-15.80172
21235-602,-22.83063
74905-770,-16.73946
70363-540,-15.81892
72302-567,-15.87073
13087-901,-22.8476
14096-570,-21.19933
13468-590,-22.75264
07744-025,-23.3849
13310-160,-23.26956
73813-010,-15.55292
72876-030,-16.07257
75530-275,-18.41779
91910-001,-30.10843
70040-010,-15.78913
20765-971,-22.87833
74215-005,-16.70585
74093-250,-16.66728
07080-000,-23.44764
04830-000,-23.73115
04836-130,-23.74156
02318-000,-23.45059
05858-003,-23.65448
37557-000,-22.2497
21931-383,-22.81115
60430-232,-3.75275
60176-065,-3.7395
21360-201,-22.86631
04428-000,-23.67734
07144-000,-23.42076
01552-001,-23.57268
15046-619,-20.76552
02633-000,-23.46222
11347-000,-23.98028
69090-741,-3.03011
07112-000,-23.46848
69097-305,-3.00596
11440-002,-23.98747
85501-039,-26.22871
29165-130,-20.1993
74125-125,-16.68334
74535-090,-16.6778
03141-030,-23.5871
04206-000,-23.57734
04301-012,-23.62118
04186-100,-23.64535
04045-003,-23.60799
88054-210,-27.43099
08121-400,-23.54523
05047-000,-23.52602
08060-000,-23.50093
09851-000,-23.70981
04537-012,-23.59474
78307-000,-14.62474
60455-410,-3.74045
22753-034,-22.95153
25963-081,-22.41775
26165-135,-22.74011
75380-307,-16.6377
27915-011,-22.38756
44571-005,-12.96791
24020-074,-22.89366
75805-123,-17.87518
95034-240,-29.1573
96400-410,-31.32437
03015-000,-23.53872
01152-000,-23.51353
06454-000,-23.49817
05866-120,-23.58922
68745-000,-1.29811
68005-095,-2.42601
60543-452,-3.78998
60520-315,-3.77231
74810-030,-16.70048
74430-060,-16.66304
83702-040,-25.58785
09581-300,-23.63426
09320-130,-23.66663
04517-001,-23.60491
03340-000,-23.55812
09721-000,-23.72237
03176-001,-23.5518
02221-001,-23.47924
08070-002,-23.50651
09080-110,-23.6505
05372-040,-23.58235
97015-002,-29.6872
24901-005,-22.91591
24210-480,-22.90327
13073-300,-22.89298
88062-000,-27.60162
53020-560,-8.00833
79117-010,-20.41715
76987-020,-12.74065
81470-400,-25.57304
21750-001,-22.88532
22775-040,-22.97349
22793-081,-23.00158
22783-115,-22.96106
55018-620,-8.2716
26280-375,-22.74142
54335-000,-8.14658
60120-000,-3.72736
40210-750,-12.99692
29127-380,-20.45009
03156-001,-23.58073
08070-000,-23.50651
03453-000,-23.56369
20010-020,-22.90542
20231-005,-22.91107
30494-170,-19.96191
68372-095,-3.21141
14025-230,-21.19267
03989-010,-23.61486
04039-001,-23.5985
05444-000,-23.55839
41741-030,-12.96999
40050-000,-12.9805
41760-000,-12.99379
41830-050,-13.00612
40020-210,-12.97308
41098-020,-12.96927
40352-000,-12.94619
57313-130,-9.75443
57061-000,-9.58046
90430-100,-30.03036
93320-650,-29.72409
57310-255,-9.73538
51150-001,-8.128
79801-004,-22.22721
58075-020,-7.17467
40323-010,-12.95757
48609-140,-9.40496
21215-565,-22.83187
20510-061,-22.92333
20040-009,-22.91195
20220-460,-22.89611
20231-110,-22.86859
09132-032,-23.6981
04232-000,-23.64052
20220-310,-22.904
12216-580,-23.20172
06321-001,-23.53992
03126-000,-23.58193
25946-244,-22.52262
30550-000,-19.94189
89037-501,-26.89538
88309-201,-26.89944
25255-070,-22.64206
59088-100,-5.87651
59063-410,-5.82966
59152-600,-5.88812
13400-356,-22.7245
15051-000,-20.77753
18053-505,-23.49195
13212-070,-23.19152
18603-193,-22.87882
13830-094,-22.60434
13403-030,-22.73393
13800-187,-22.4359
01405-200,-23.5659
13214-300,-23.16835
13015-002,-22.90716
14030-440,-21.18384
13270-210,-22.97357
13562-190,-22.00059
58036-450,-7.08484
58051-255,-7.1516
89205-098,-26.29761
65919-555,-5.50107
75143-120,-16.33898
15040-300,-20.78346
23555-012,-22.91356
23045-120,-22.90481
23020-715,-22.99402
20751-002,-22.88291
07901-021,-23.28947
34710-000,-19.88462
30535-460,-19.92291
50070-555,-8.06776
27410-180,-22.41392
33900-001,-19.80135
74954-290,-16.78551
09175-500,-23.69021
18050-000,-23.51467
13025-061,-22.9014
09260-010,-23.63271
06040-014,-23.5643
02831-001,-23.48418
02995-145,-23.44379
13445-260,-22.4879
03133-200,-23.59479
21020-123,-22.82895
58015-510,-7.13454
06401-050,-23.51077
65067-205,-2.50522
72850-010,-16.1506
07011-020,-23.46889
08295-000,-23.55053
02085-100,-22.76919
04133-300,-23.65779
09609-000,-23.66678
07400-560,-23.40005
01035-100,-23.54011
22725-421,-22.92728
02720-200,-23.48668
04905-020,-23.69053
59108-355,-5.7569
01402-000,-23.56985
32604-345,-19.96055
71900-100,-15.83688
70863-540,-15.75099
22775-110,-22.96106
09830-130,-23.77721
13040-093,-22.94113
08810-020,-23.50897
08730-330,-23.54085
03526-000,-23.55226
03403-000,-23.5487
03916-000,-23.585
08240-005,-23.52496
08275-000,-23.56909
01109-010,-23.52549
04776-003,-23.6781
05858-004,-23.68174
06813-265,-23.64761
01033-001,-23.53821
13201-835,-23.18484
88330-060,-26.98683
37026-080,-21.56963
31580-500,-19.81397
25812-464,-22.10775
27521-752,-22.4646
88371-902,-26.87682
89804-000,-27.07465
07178-001,-23.39946
03658-001,-23.52444
06711-508,-23.60361
08080-570,-23.48473
17210-181,-22.29228
03949-000,-23.60303
13505-430,-22.41175
08420-000,-23.54339
08451-056,-23.80102
01426-003,-23.56402
08780-000,-23.51775
05656-020,-23.61191
06803-270,-23.65533
75903-464,-17.7768
70306-000,-15.80291
72610-600,-15.90541
17522-363,-22.24367
09020-041,-23.66306
12940-680,-23.1157
13042-105,-22.93092
13322-000,-23.21592
18111-383,-23.5397
88813-095,-28.67973
20730-000,-22.9001
74769-790,-16.62038
11251-175,-23.83321
15810-185,-21.14821
89022-002,-26.92816
18970-019,-23.03711
18010-320,-23.49862
12210-130,-23.1895
28024-600,-21.83674
27210-070,-22.48953
04090-000,-23.60922
09812-000,-23.72821
14020-380,-21.1888
07113-001,-23.46061
79010-971,-20.43521
72915-705,-15.73462
65085-581,-2.56596
65054-375,-2.535
90660-080,-30.07199
92310-430,-29.91859
41195-000,-12.94411
87113-300,-24.71727
89226-000,-26.25435
79812-110,-22.24662
41730-101,-12.96166
40440-360,-12.92807
22220-000,-22.9301
55024-740,-8.29286
26455-280,-22.67891
26540-030,-22.81723
24220-070,-22.90332
25215-250,-22.68787
07801-000,-23.32285
13255-300,-23.01322
69053-140,-3.10733
05455-000,-23.53819
14870-780,-21.25427
09550-720,-23.60948
08530-000,-23.53778
02124-000,-23.50699
13465-009,-22.73278
05073-010,-23.52464
05670-000,-23.5865
05592-140,-23.57758
04063-006,-23.60183
08050-000,-23.27567
13170-030,-22.81946
14801-295,-21.78863
88302-000,-26.9139
06010-100,-23.53339
35700-285,-19.46488
35060-360,-18.84778
45607-291,-14.79485
29110-286,-20.34802
29175-261,-20.14273
24420-465,-22.83348
02413-000,-23.48893
04046-500,-23.60799
07240-030,-23.44652
03282-001,-23.59642
22270-007,-22.95606
37505-028,-22.4254
65074-115,-2.51412
22740-361,-22.92728
04296-100,-23.61964
20231-016,-22.9116
20221-160,-22.89753
49504-066,-10.69876
81935-040,-25.55228
81070-001,-25.47503
71215-720,-15.82715
01451-001,-23.57312
88801-530,-28.67508
23545-003,-22.96346
25635-530,-22.52899
91751-000,-30.12359
21011-050,-22.81624
31744-007,-19.82139
09350-000,-23.67833
38300-082,-18.97424
08685-000,-23.52947
04635-001,-23.63863
08750-560,-23.54457
04004-041,-23.57415
02333-001,-23.47685
03322-002,-23.5482
04902-005,-23.67572
08380-330,-23.59475
14026-565,-21.21714
01333-011,-23.5683
08032-000,-23.51802
03635-000,-23.52233
05789-000,-23.64522
01131-000,-23.52406
29050-662,-20.3118
69057-002,-3.10609
66055-002,-1.44037
66123-020,-1.41305
38402-228,-18.88358
50110-900,-8.04327
79063-000,-20.52148
16010-060,-21.204
78550-029,-11.86171
12900-290,-22.96791
58303-355,-7.14686
06286-010,-23.50736
13500-401,-22.49865
80530-908,-25.41702
13208-010,-23.18632
30110-051,-19.93447
40015-001,-12.97204
04543-000,-23.58972
80020-310,-25.42921
74230-010,-16.72053
88330-040,-26.98683
90470-340,-30.03488
20020-100,-22.90642
13024-410,-22.88888
70340-907,-15.79785
65045-060,-2.56756
12246-000,-23.21559
30380-010,-19.93792
14020-260,-21.197
80250-205,-25.44756
70630-902,-15.76906
69909-700,-9.95746
97010-001,-29.68641
96412-640,-31.3267
85801-060,-24.9601
79100-400,-20.45665
64001-020,-5.08843
98801-660,-28.29982
79823-150,-22.20978
49065-770,-10.90299
92200-630,-29.95318
76801-218,-8.75744
84025-902,-25.09259
97542-311,-29.78245
98025-110,-28.63602
68508-265,-5.39196
36035-780,-21.75157
97500-511,-29.75192
78043-400,-15.59263
57052-050,-9.63732
68906-900,0.03658
79302-030,-19.00176
74675-710,-16.62114
29100-901,-20.32909
50060-080,-8.05925
13643-000,-21.98866
13070-115,-22.87488
12228-615,-23.20546
12086-000,-23.04449
12510-020,-22.78911
88075-100,-27.59476
59015-140,-5.80661
69053-355,-3.10857
60411-205,-3.75276
04007-003,-23.58014
30180-060,-19.91925
82515-000,-25.40311
66050-400,-1.43663
20221-260,-22.90359
77017-136,-10.22007
69308-515,2.79172
41830-540,-12.99915
27534-970,-22.46438
71926-000,-15.84225
71615-600,-15.84749
70052-900,-15.78793
24048-900,-22.88378
24020-094,-22.89532
21616-120,-22.86468
22290-270,-22.95505
21941-395,-22.81991
21911-016,-22.78407
04538-132,-23.58415
01010-901,-23.54551
04530-000,-23.58141
04578-000,-23.55536
37026-653,-21.57454
78049-080,-15.56424
78705-094,-16.46318
75901-551,-17.79729
16018-180,-21.22618
77015-030,-10.18953
85035-310,-25.37807
91010-003,-30.01037
84060-010,-25.1084
79004-390,-20.45512
91060-900,-30.01032
04543-011,-23.58972
22410-906,-22.98438
01310-930,-23.5579
04534-004,-23.58393
04530-001,-23.58141
70610-460,-16.00727
31260-340,-19.86125
03324-002,-23.55088
41820-770,-12.97999
74805-480,-16.70253
04583-110,-23.61624
04543-907,-23.59129
04711-130,-23.62307
04547-004,-23.59499
06460-120,-23.49754
90020-023,-30.03564
68900-100,0.03657
04543-121,-23.58885
04344-902,-23.6328
69058-795,-3.07898
04576-010,-23.62972
29050-914,-20.31597
01310-923,-23.55985
01418-000,-23.55919
13024-411,-22.88888
01415-000,-23.55492
20040-004,-22.91195
30110-927,-19.94003
90550-143,-30.01485
70316-102,-15.79503
20011-001,-22.90526
01014-900,-23.54558
04551-010,-23.59486
80420-063,-25.4389
04703-002,-23.64199
04710-090,-23.6237
09530-401,-23.61911
04534-000,-23.58393
22440-034,-22.98532
59025-600,-5.79084
04548-040,-23.59675
01418-002,-23.55919
20050-002,-22.90406
87030-008,-23.4089
18047-400,-23.51932
04542-000,-23.5878
81070-000,-25.47503
05693-000,-23.63044
11010-141,-23.93255
36700-080,-21.53367
01216-012,-23.53101
68371-140,-3.20729
69301-380,2.82147
78005-370,-15.59628
65900-120,-5.5298
68900-010,0.03262
69057-070,-3.11229
68508-970,-5.33824
69151-020,-2.62634
76804-123,-8.76202
69908-040,-10.00522
68005-530,-2.41937
65071-810,-2.49222
65600-060,-4.86176
68625-050,-2.99253
66085-000,-1.42202
69005-140,-3.13468
76963-761,-11.43698
68456-000,-1.71895
68180-610,-4.26389
78700-050,-16.47259
77804-010,-7.18799
77001-014,-10.18456
66055-045,-1.44255
69900-448,-9.96985
77020-066,-10.19141
69065-050,-3.12307
68590-970,-4.44696
76847-970,-8.75411
68555-011,-7.10662
68633-970,-4.29558
68501-660,-5.36932
76890-970,-10.44628
77475-970,-12.92368
69928-970,-10.33253
69552-225,-3.34719
09750-902,-23.69561
13010-050,-22.90442
13092-902,-22.89348
03306-010,-23.54225
60811-340,-3.77669
14026-900,-21.20956
89201-908,-26.30315
12242-970,-23.20646
30180-915,-19.92784
71219-900,-15.77829
68743-000,-1.27579
68005-290,-2.41849
68625-020,-3.0078
68507-560,-5.34327
66050-000,-1.44029
67013-000,-1.38746
66023-130,-1.46712
66035-145,-1.45222
66015-160,-1.45552
68553-052,-8.03114
68371-278,-3.20544
68555-101,-7.10393
67033-000,-1.36764
67130-820,-1.37041
66080-180,-1.42818
66055-171,-1.44316
68501-570,-5.37102
68798-970,-1.22642
68644-970,-1.518
68738-970,-1.30998
66910-450,-1.16389
68180-420,-4.26119
68513-744,-5.34804
68746-012,-1.30847
01317-002,-23.56433
90020-140,-30.02869
38184-200,-19.60154
02010-200,-23.48579
22250-906,-22.94463
30494-270,-19.96487
83707-000,-25.53184
88160-580,-27.52864
50060-004,-8.0594
60811-900,-3.75764
52060-615,-8.03691
60175-055,-3.7395
51110-160,-8.0867
01419-001,-23.55919
01310-917,-23.56215
99060-030,-28.27821
59080-900,-5.85581
51020-350,-8.11774
49010-190,-10.91442
60025-100,-3.729
55295-080,-8.88915
63500-063,-6.35991
45200-250,-11.66215
63010-010,-7.20432
57020-330,-9.6611
59600-115,-5.19416
39400-023,-16.72066
59020-505,-5.79239
56304-907,-9.37084
64000-090,-5.09071
45600-903,-14.79313
65020-907,-2.53072
58700-004,-7.02497
64800-060,-7.07909
52020-000,-8.04831
57600-030,-9.4066
64600-002,-7.0797
47800-358,-12.14501
65600-270,-4.8912
55004-180,-8.28426
56903-914,-7.98733
53401-250,-7.94168
63100-045,-7.23058
44571-355,-12.96683
30140-120,-19.93778
63900-153,-4.97081
48903-902,-9.4107
42800-010,-12.69888
45652-065,-14.79238
48602-490,-9.40166
45985-158,-17.53611
60325-003,-3.73193
59056-200,-5.82343
61932-005,-3.85468
41830-001,-13.00652
51020-031,-8.12629
65075-440,-2.50828
64051-005,-5.08126
29702-030,-19.53894
39803-013,-17.86817
29900-022,-19.40139
59140-020,-5.91077
61600-090,-3.73258
29930-440,-18.72144
58052-200,-7.15691
58300-230,-7.1242
57083-048,-9.55943
54762-303,-8.02
55815-000,-7.84544
59082-095,-5.85715
56506-100,-8.41989
54730-000,-7.99129
55194-142,-7.95499
52060-410,-8.03898
55642-210,-8.19749
60743-762,-3.80306
53625-015,-7.87022
55150-160,-8.33771
60720-015,-3.77708
54510-360,-8.28262
43805-220,-12.6686
58100-683,-6.97075
04538-080,-23.58702
79826-070,-22.22806
90010-230,-30.03043
95086-200,-29.18405
70711-900,-15.78914
22250-145,-22.94463
80240-031,-25.45175
89036-239,-26.91456
04552-040,-23.59483
88102-700,-27.59585
20011-020,-22.90391
90240-040,-29.99841
01138-000,-23.52201
01044-000,-23.54614
01418-100,-23.55919
05477-000,-23.56887
60192-105,-3.74287
59020-095,-5.79257
59082-400,-5.85715
59064-900,-5.84014
01419-904,-23.5616
01311-200,-23.56479
04551-080,-23.59428
66040-100,-1.45646
01311-902,-23.57083
04078-000,-23.56317
05501-050,-23.57189
95700-834,-29.17445
06454-010,-23.49545
05317-020,-23.06873
30160-920,-19.92035
05676-120,-23.59237
13054-709,-23.00291
01311-000,-23.56479
22775-003,-22.9876
04545-042,-23.5957
01419-101,-23.55919
13465-019,-23.53054
09810-902,-23.71167
95041-410,-29.14916
80250-080,-25.4412
80050-152,-25.43164
90480-001,-30.02288
49075-540,-10.91527
49010-210,-10.91442
49040-240,-10.95635
49260-970,-10.37132
49060-640,-10.9031
49037-550,-10.9878
49087-580,-10.89263
49020-120,-10.93478
49025-000,-10.9337
49044-093,-11.00063
49055-260,-10.90847
04578-901,-23.60213
22470-060,-22.97321
90430-181,-30.03328
01455-000,-23.58058
90570-020,-30.02262
20011-901,-22.90427
40015-010,-12.97145
01405-001,-23.5659
01123-001,-23.52945
88104-800,-27.61864
88705-002,-28.48032
88801-505,-28.67816
88900-003,-28.93667
89010-902,-26.91888
90020-022,-30.03564
88015-120,-27.59231
30160-912,-19.91995
88075-001,-27.58994
29060-300,-20.2845
13416-145,-22.71353
24355-090,-22.93866
79100-401,-20.45665
30180-100,-19.92569
30130-000,-19.92249
01451-000,-23.57312
38400-696,-18.89672
20010-000,-22.90124
01451-905,-23.57576
22290-160,-22.95693
60170-240,-3.73158
20040-010,-22.90288
02075-030,-23.50302
09010-020,-23.65727
90520-002,-30.02201
30494-310,-19.96191
01435-901,-23.57819
93510-001,-29.68561
60060-090,-3.72837
06455-931,-23.50278
76801-101,-8.76358
78125-044,-15.65219
60055-110,-3.72813
21941-570,-22.81352
33500-900,-19.64405
41602-065,-12.91423
05425-020,-23.56621
93410-038,-29.69604
05425-000,-23.56657
04552-020,-23.59336
01311-300,-23.56479
83203-450,-25.51359
30160-000,-19.91601
96835-666,-29.7523
90010-904,-30.02715
05319-000,-23.54125
20040-020,-22.90044
29300-100,-20.85201
29700-010,-19.53547
29122-041,-20.33748
29140-190,-20.3328
29900-020,-19.4015
29930-015,-18.71666
29164-001,-20.21045
29041-230,-20.31087
29450-970,-21.01019
29175-585,-20.13165
29176-080,-20.12591
29060-140,-20.28325
29090-370,-20.25821
29052-290,-20.31168
29102-040,-20.36692
01307-002,-23.55294
29043-213,-20.2989
29050-275,-20.31379
29050-720,-20.31472
29031-800,-20.28321
29010-600,-20.32113
29146-341,-20.33715
29010-906,-20.32078
13091-611,-22.86612
22440-033,-22.98532
30112-000,-19.93858
81200-526,-25.43987
14027-250,-21.22381
89010-205,-26.92128
78048-340,-15.58062
07110-090,-23.46753
84072-190,-25.05409
05401-400,-23.57374
60165-065,-3.72431
04534-011,-23.58393
30112-021,-19.93728
22250-911,-22.94463
13092-106,-22.89884
70070-120,-15.80446
95020-190,-29.15803
40080-002,-13.00622
77015-200,-10.25507
30130-009,-19.94407
80030-060,-25.42069
01425-010,-23.57367
79003-040,-20.47106
60170-002,-3.73936
41820-022,-12.98274
88301-030,-26.90351
70308-200,-15.81355
05409-000,-23.55145
70070-100,-15.79997
01406-000,-23.56712
21030-000,-22.85213
60415-390,-3.75917
04543-901,-23.59194
13091-904,-22.86238
80420-908,-25.43728
68901-016,0.02654
74120-110,-16.68941
69050-001,-3.09485
20091-005,-22.90096
01418-102,-23.55919
04570-030,-23.5998
01311-920,-23.56459
20050-030,-22.90501
04543-900,-23.59098
14021-630,-21.21071
80250-104,-25.44501
12030-000,-23.03477
30170-050,-19.93256
50030-901,-8.06333
04029-200,-23.60815
51020-020,-8.1266
40360-000,-12.94614
04578-903,-23.609
04719-002,-23.63134
02022-020,-23.50359
20040-917,-22.91081
09541-450,-23.61736
04707-910,-23.62334
30180-111,-19.93292
06090-010,-23.53019
01310-200,-23.56479
02464-100,-23.48504
11060-003,-23.96435
60135-270,-3.74297
04022-002,-23.59406
20031-917,-22.90892
04543-906,-23.58728
01451-011,-23.58456
20011-000,-22.90526
20031-000,-22.90826
04552-080,-23.59125
04547-130,-23.59709
22261-005,-22.95791
01452-001,-23.57312
30160-911,-19.91949
05422-030,-23.56846
04007-900,-23.58073
50010-921,-8.06476
04547-006,-23.59499
16400-101,-21.67521
90230-011,-30.01977
19010-080,-22.1233
95611-018,-29.64454
04578-910,-23.60991
29010-080,-20.31969
35010-040,-18.85944
85810-090,-24.95666
37556-830,-22.23978
05410-002,-23.55151
88117-400,-27.57976
30710-360,-19.90974
22270-060,-22.9511
05418-000,-23.56366
05408-003,-23.5609
06233-903,-23.59792
01014-911,-23.71116
05432-011,-23.55944
05004-000,-23.53239
49010-910,-10.91094
13916-070,-22.69284
30160-907,-19.9293
04506-000,-23.58815
75680-001,-17.73982
91330-000,-30.02789
41820-790,-12.97959
99700-424,-27.62882
01420-020,-23.56563
03410-000,-23.54765
85900-130,-24.72471
01217-011,-23.53211
13208-056,-23.19876
20091-020,-22.89969
01405-002,-23.5659
04730-903,-23.63941
86050-460,-23.33026
70830-010,-15.78633
04563-060,-23.61274
90420-150,-30.03524
80020-000,-25.43264
04548-004,-23.59615
87013-933,-23.41917
20040-030,-22.90276
80035-010,-25.41286
01410-001,-23.56179
90540-010,-30.02051
31710-400,-19.84359
88020-302,-27.59671
01014-001,-23.54573
05402-918,-23.57315
01452-904,-23.5779
20091-902,-22.90271
89700-095,-27.22887
04013-000,-23.57532
04578-908,-23.60383
70760-536,-15.7486
14800-360,-21.80184
66093-031,-1.44544
09520-070,-23.61365
60192-200,-3.74489
30190-094,-19.93051
88015-190,-27.59146
01311-915,-23.56592
30220-140,-19.94053
04536-010,-23.58166
74083-060,-16.68074
97015-040,-29.69506
90470-130,-30.02793
01452-922,-23.5773
05425-902,-23.56493
90480-003,-30.02288
20040-040,-22.90399
20071-000,-22.90288
04308-000,-23.66898
01310-919,-23.56055
04752-901,-23.6528
01454-901,-23.58074
50100-200,-8.05162
09895-400,-23.70731
89251-701,-26.48632
32240-090,-19.95686
41500-300,-12.96166
30150-902,-19.93246
88330-610,-26.99254
06543-325,-23.47297
38411-159,-18.95075
05420-020,-23.5583
89223-005,-26.25497
05106-000,-23.50933
05407-003,-23.5609
92420-360,-29.87543
38411-848,-18.95287
03317-000,-23.54212
89204-041,-26.29442
72927-839,-15.7379
04512-001,-23.59355
88085-155,-27.60516
20040-000,-22.90664
01539-020,-23.5726
88103-235,-27.6121
04001-902,-23.57662
06020-902,-23.52619
18110-650,-23.54635
87200-316,-23.66146
06404-250,-23.50533
60811-341,-3.77096
11013-000,-23.93475
04552-000,-23.59403
04547-901,-23.59504
22450-220,-22.99751
64001-540,-5.08399
81260-900,-25.45411
11013-201,-23.93681
01013-000,-23.54751
90430-180,-30.03328
13024-110,-22.8939
09510-101,-23.61335
05050-090,-23.52271
03114-000,-23.56205
09710-000,-23.70367
04004-070,-23.57156
50070-255,-8.06262
86020-040,-23.30892
18010-030,-23.50065
13400-240,-22.71812
79002-200,-20.45978
69005-130,-3.13692
66035-170,-1.45222
88010-530,-27.59713
89010-201,-26.91898
88802-470,-26.96246
89802-002,-27.09784
05652-000,-23.59687
01240-001,-23.54422
12243-000,-23.20113
24230-050,-22.9069
59020-510,-5.79239
30130-183,-19.92866
22021-001,-22.96904
01308-000,-23.55645
01013-915,-23.54694
21941-900,-22.81352
75113-020,-16.31433
16010-220,-21.20596
83005-420,-25.53857
13478-540,-22.73411
78555-326,-11.86792
04581-060,-23.66359
04062-003,-23.60183
01310-925,-23.56339
02127-001,-23.5072
01228-100,-23.55156
14801-300,-21.787
12940-810,-23.1165
17010-021,-22.32069
01125-000,-23.52703
12900-005,-22.95794
02514-000,-23.51165
79300-030,-18.99867
07860-140,-23.31833
11410-001,-23.99223
04514-041,-23.599
37955-000,-20.92102
13970-005,-23.9677
13201-010,-23.19065
13840-029,-22.37299
13800-140,-22.4348
03121-030,-23.56544
41720-070,-12.97221
06715-125,-23.61165
01207-010,-23.53872
09710-201,-23.70367
09510-100,-23.61335
13560-011,-23.34682
13870-009,-21.96967
18010-082,-23.50103
13171-505,-22.82342
13270-020,-22.97056
02071-012,-23.50629
02113-015,-23.51839
02219-000,-23.48653
21210-002,-22.85344
03057-070,-23.54304
12701-020,-22.5813
06657-000,-23.56283
12315-310,-23.31932
01401-001,-23.56985
85806-000,-24.95285
12600-040,-22.73071
04246-001,-23.61598
83203-550,-25.51726
82310-000,-25.42356
82020-000,-25.41369
01045-000,-23.54426
83301-540,-25.44116
20090-000,-22.91195
11010-123,-23.93404
12210-070,-23.13937
18270-290,-23.34819
87050-020,-23.41991
03114-001,-23.56205
85906-070,-24.7201
74280-010,-16.71587
03309-000,-23.54615
07011-010,-23.46781
84010-050,-25.09438
03979-030,-23.61607
11440-001,-23.98747
86010-370,-23.3087
16010-320,-21.20923
19010-000,-22.12183
38400-088,-18.92454
04733-000,-23.63825
19904-565,-22.98018
70670-100,-15.79935
18700-210,-23.09931
01538-001,-23.56863
12500-030,-22.81491
14409-180,-20.50688
13324-195,-23.21058
04709-000,-23.63159
01042-001,-23.54464
05042-000,-23.52497
01238-000,-23.5434
03165-001,-23.55367
01503-000,-23.55934
13480-048,-22.55323
82530-230,-25.42794
01406-200,-23.56712
03011-001,-23.53879
80610-270,-25.47379
90030-010,-30.02591
05422-010,-23.56694
01302-000,-23.55193
01033-000,-23.53821
23052-090,-22.9028
20021-010,-22.91518
04077-020,-23.60391
14875-455,-21.25358
16901-010,-20.89676
69010-000,-3.13287
66013-060,-1.45231
65051-630,-2.53373
09772-040,-23.75961
84010-010,-25.09584
50020-060,-8.06926
29010-330,-20.3212
17201-440,-22.2961
20720-010,-22.90408
58100-030,-7.13014
58010-821,-7.12115
59025-001,-5.78437
04133-000,-23.65779
50010-070,-8.06432
20755-170,-22.88774
22031-000,-22.96651
20530-000,-22.93224
20950-090,-22.90219
20021-040,-22.91735
05461-010,-23.54741
01301-100,-23.55193
14700-010,-20.95049
95010-003,-29.16784
03533-001,-23.54694
18206-420,-23.61734
25802-200,-22.1165
04686-002,-23.67656
92010-260,-29.91919
88301-210,-26.90716
89201-050,-26.30263
45652-510,-12.6052
22261-000,-22.95791
22730-001,-22.9204
03356-001,-23.56361
93310-002,-29.68256
18600-050,-22.88632
16400-033,-21.97067
11030-400,-23.98585
74503-101,-16.67543
96015-010,-31.76997
88010-301,-27.59403
01232-000,-23.53791
03402-000,-23.53939
11701-901,-24.00721
09015-010,-23.6549
11025-003,-23.97395
04043-100,-23.604
86800-005,-23.55089
05013-001,-23.53566
05406-150,-23.55849
79601-002,-20.75481
15505-208,-20.41901
42800-190,-12.69704
54515-070,-8.29358
55002-505,-8.27412
20561-130,-22.92288
22020-010,-22.96385
28010-220,-21.75601
20921-440,-22.90125
20271-160,-22.91243
20780-000,-22.90134
20550-013,-22.91623
17601-000,-21.93297
84261-050,-24.32384
78740-000,-16.47779
38015-000,-19.71932
96400-600,-31.33406
97500-510,-29.75192
88502-000,-27.81457
99020-060,-28.26005
97542-000,-29.78266
97573-000,-30.89259
98802-650,-28.30013
98025-780,-28.64604
97010-423,-29.68094
64000-180,-5.08783
37701-003,-21.78824
23520-243,-22.936
87050-000,-23.42123
20230-011,-22.91438
22750-000,-22.95068
27542-060,-22.46473
04534-003,-23.58393
90220-002,-30.00896
20050-005,-22.90406
21050-060,-22.87913
22011-060,-22.96632
08210-430,-23.5371
01024-100,-23.54075
03013-011,-23.535
40411-010,-12.94473
30130-001,-19.92249
30180-030,-19.92339
33030-000,-19.76922
36300-195,-21.13288
90020-010,-30.02991
04203-001,-23.58047
22460-000,-22.96658
69005-070,-3.13733
83203-000,-25.51877
80010-200,-25.43298
85301-230,-25.405
16200-001,-21.29877
18681-090,-22.59556
13140-182,-22.76355
81690-901,-25.55612
81900-000,-25.53769
05061-350,-23.54103
01128-000,-23.52389
04703-000,-23.64199
03063-000,-23.53578
18130-290,-23.53218
18043-000,-23.50443
36770-034,-21.38909
24710-470,-22.82184
05305-010,-23.5299
01435-050,-23.5801
18400-100,-23.98438
38440-222,-18.65095
39800-010,-17.85199
39400-042,-16.72184
04563-013,-23.60636
02010-500,-23.48579
04724-003,-23.64635
87300-010,-24.04111
75801-701,-17.85009
78918-260,-8.77707
02242-001,-23.48673
89801-000,-27.09784
96200-280,-32.03816
13450-005,-22.75226
95700-112,-29.16885
02739-000,-23.48465
29900-010,-19.40139
15990-510,-21.61186
74110-090,-16.67931
43805-190,-12.67283
48010-000,-12.13571
45600-023,-16.4537
03180-002,-23.55755
96810-000,-29.71865
04604-006,-23.63578
90035-006,-30.03449
02611-002,-23.47028
09951-560,-23.69239
04537-002,-23.59474
71200-000,-15.8533
29123-600,-20.34897
69900-210,-9.97292
88701-120,-28.48247
08412-000,-23.55026
03988-000,-23.6055
50630-000,-8.04928
03949-200,-23.60303
13730-037,-23.67759
30140-040,-19.92566
03452-100,-23.56369
91010-002,-30.0108
02018-011,-23.49255
81610-000,-25.47685
03220-100,-23.59301
02186-040,-23.51525
35700-014,-19.46305
13036-180,-22.92166
24230-101,-22.90469
72010-010,-15.77829
05588-010,-23.57607
25953-232,-22.41196
21220-202,-22.85404
90510-000,-30.02573
85010-000,-25.39309
95010-002,-29.16784
93260-005,-29.849
70302-000,-15.80291
40150-122,-12.99783
52021-180,-8.04176
27330-490,-22.54274
70740-511,-15.77178
13010-002,-22.90613
89251-201,-26.48695
77405-170,-11.72768
04297-000,-23.62527
04365-000,-23.67253
29056-250,-20.29545
85801-150,-24.95238
74430-190,-16.67128
04319-000,-23.6474
71680-603,-15.88948
20551-030,-22.91615
05107-000,-23.51421
85851-210,-25.53993
87013-070,-23.42093
68501-535,-5.38471
21862-000,-22.8642
23830-040,-22.85979
79004-392,-20.47583
90160-005,-30.05338
66630-040,-1.37886
27910-361,-22.37575
83005-340,-25.53782
05314-001,-23.53332
66080-000,-1.42626
65901-550,-5.5298
68900-070,0.03814
65076-090,-2.51352
04567-003,-23.61024
86070-000,-23.29192
85501-050,-26.22675
25070-235,-22.77566
21510-104,-22.83554
78964-460,-10.88433
69303-445,2.80996
21555-560,-22.85578
12245-011,-23.19883
86020-907,-23.31043
75707-250,-18.16781
85601-270,-26.09046
59600-150,-5.19066
88350-345,-27.09825
57057-000,-9.64415
35430-226,-20.41232
78070-100,-15.62064
62010-295,-3.68593
94010-000,-29.9415
08210-040,-23.54341
32600-110,-19.96818
26520-330,-22.81287
06622-480,-23.54876
81940-305,-25.58211
36090-300,-21.69179
05858-001,-23.65448
13201-019,-23.18694
94910-003,-29.94845
69053-000,-3.10793
45995-046,-17.54102
08570-020,-23.52547
79006-001,-20.493
01304-001,-23.55482
13084-790,-22.83131
09571-000,-23.63591
60410-424,-3.75593
32310-000,-19.92411
89204-002,-26.29132
56332-175,-9.39211
21921-000,-22.81091
38400-708,-18.90952
66025-230,-1.4581
22631-004,-23.00763
04662-003,-23.65561
66120-000,-1.41648
81250-320,-25.47999
13036-225,-22.91568
31510-000,-19.81224
89030-000,-26.89515
22630-010,-23.0123
22631-020,-23.0031
48005-170,-12.14297
77020-012,-10.1846
13097-100,-22.85286
28035-175,-21.76241
25635-000,-22.52692
52070-070,-8.02645
83601-330,-25.46562
67033-009,-1.35841
13073-010,-22.88488
13024-500,-22.88886
29010-700,-20.32035
18075-042,-23.48206
04715-003,-23.63108
11065-200,-23.96886
04027-000,-23.59625
06053-004,-23.55063
74823-020,-16.71458
13206-480,-23.19623
57030-170,-9.66837
71705-500,-15.86743
26130-070,-22.76487
03806-080,-23.59634
05727-220,-23.62882
05405-050,-23.55849
24350-610,-22.95134
86010-200,-23.31446
41825-900,-12.99637
66053-000,-1.44407
88036-002,-27.59296
66090-360,-1.43192
09860-000,-23.70648
01234-001,-23.5349
11704-900,-24.03067
02413-100,-23.48893
25620-100,-22.50905
24020-071,-22.89366
09020-000,-23.66233
12242-280,-23.19274
02013-010,-23.50323
05078-000,-23.52458
01472-900,-23.57056
04028-001,-23.60815
03115-001,-23.56205
09770-270,-23.70601
01042-000,-23.54464
79002-000,-20.46038
20040-008,-22.91195
70350-535,-15.80914
90010-000,-30.02814
80060-010,-25.43105
33120-510,-19.79359
35680-084,-20.06332
32310-210,-19.94049
18013-003,-23.49477
02332-001,-23.47685
30430-040,-19.93298
33900-000,-19.80229
35170-039,-19.53009
36570-053,-20.75505
34000-090,-19.98288
35160-011,-19.47953
35700-004,-19.45915
30170-020,-19.93152
30170-121,-19.92277
36410-066,-20.50123
35420-075,-20.37936
22070-010,-22.96651
88010-030,-27.59504
30130-050,-19.94936
09521-310,-23.61535
74565-630,-16.63996
74980-020,-16.82281
73751-240,-15.44799
75701-502,-18.16819
72876-021,-16.07238
74905-760,-16.73364
74705-010,-16.66979
75025-050,-16.3285
74640-010,-16.6653
74363-400,-16.72011
75832-036,-17.56188
74005-020,-16.67524
91740-001,-30.10725
29111-575,-20.44747
60325-002,-3.736
13020-432,-22.89644
90510-040,-30.0249
86020-390,-23.3133
12031-000,-23.03675
36025-000,-21.77673
78045-300,-15.59132
04502-001,-23.58686
13574-040,-22.02993
14095-000,-21.19977
71625-095,-15.83646
01442-000,-23.56529
30535-485,-19.92409
04075-023,-23.60164
13339-125,-23.08576
26383-080,-22.71572
24210-445,-22.90322
24804-703,-22.73859
28993-000,-22.89393
03221-200,-23.60013
15090-000,-20.83333
24360-022,-22.91878
64049-010,-5.08014
22050-002,-22.96651
31140-650,-19.89165
15015-780,-20.82007
92110-330,-29.92963
30140-001,-19.92579
20270-004,-22.91659
21321-802,-22.89952
21530-012,-22.83346
26525-010,-22.8082
20260-001,-22.91732
21380-000,-22.88081
20250-450,-22.92138
30570-000,-19.9536
28630-000,-22.26614
22740-362,-22.92728
24220-008,-22.90211
24020-070,-22.89366
21921-525,-22.80805
21210-153,-22.84213
20396-150,-22.76253
28905-080,-22.87938
27345-391,-22.54535
26210-172,-22.75375
23810-020,-22.87082
25545-000,-22.79045
25071-140,-22.78211
52061-540,-8.02761
90670-004,-30.0469
24440-440,-22.8252
28640-970,-21.93268
27541-220,-22.46371
28010-005,-21.33873
27253-220,-22.5129
27281-421,-22.49505
22290-030,-22.95224
25750-225,-22.32373
20031-205,-22.91099
23050-340,-22.90481
20061-001,-22.9028
08330-315,-23.61129
24230-000,-22.9065
53401-914,-7.94824
05513-100,-23.57638
60840-285,-3.82116
27920-360,-22.39524
66113-190,-1.43972
07095-005,-23.46067
13092-160,-22.90299
07143-000,-23.42616
38022-300,-19.76599
88131-000,-27.64688
13344-325,-23.10421
89021-001,-26.92816
88304-101,-26.90627
72404-000,-15.83227
24450-000,-22.82079
09321-375,-23.64962
04133-100,-23.65779
31270-030,-19.86637
61600-010,-3.73198
25265-008,-22.64575
28610-175,-22.28177
26255-150,-22.76168
02721-100,-23.48668
29090-410,-20.25972
45200-190,-13.86044
07910-220,-23.28034
88117-000,-27.57192
04366-001,-23.67253
22740-010,-22.93196
04551-906,-23.59357
32040-620,-19.91947
75113-120,-16.32866
33805-470,-19.76949
94060-001,-29.93145
07170-385,-23.43412
26553-161,-22.79683
25065-090,-22.76832
31270-010,-19.86424
26220-031,-22.75997
31030-035,-19.90928
77064-002,-10.34022
26325-380,-22.7169
24416-000,-22.84142
07272-345,-23.45714
36045-050,-21.74368
06132-004,-23.55397
35044-110,-18.88767
83408-280,-25.38396
31160-560,-19.87283
09271-410,-23.6446
69312-242,2.8183
54762-000,-8.02093
96055-005,-31.72684
08745-000,-23.54157
09080-111,-23.63634
13060-192,-22.93889
31615-250,-19.81227
26280-376,-22.74142
24421-005,-22.82678
26147-000,-22.71895
05567-000,-23.59429
26140-000,-22.73961
25561-411,-22.77507
73350-201,-15.61566
24220-420,-22.9005
71805-525,-15.88254
20521-070,-22.92555
31814-620,-19.84427
13012-000,-22.90491
04707-900,-23.62181
29055-180,-20.30021
24220-045,-22.90282
80420-100,-25.43996
80320-300,-25.46699
01409-000,-23.56643
08562-140,-23.51077
31580-000,-19.8236
09310-180,-23.66618
89210-505,-26.33086
88310-004,-26.88788
74915-515,-16.74204
57300-300,-9.7531
08675-000,-23.54777
27260-110,-22.51813
28080-425,-21.74567
29930-245,-18.71664
29160-060,-20.2306
88130-301,-27.63616
13214-101,-23.16898
44430-086,-12.96683
04366-000,-23.67253
02938-000,-23.47948
69909-720,-9.96789
81315-000,-25.5115
04428-010,-23.68092
57081-285,-9.60835
67133-290,-1.37263
54420-010,-8.19118
32113-340,-19.88337
89035-000,-26.91158
38414-016,-18.90959
25035-008,-22.79049
24710-480,-22.82365
28927-000,-22.63811
06501-001,-23.46947
06725-105,-23.68557
05835-001,-23.64427
79100-005,-20.44999
29300-500,-20.84573
30130-090,-19.92768
29175-520,-20.1516
45820-006,-16.37426
78700-220,-16.46628
04534-010,-23.58393
78055-488,-15.55919
08773-380,-23.51128
08320-140,-23.62992
08280-005,-23.55697
02991-000,-23.43533
30130-155,-19.93694
32073-760,-19.93169
68625-230,-2.99496
74323-100,-16.69804
56510-100,-8.42694
69095-000,-3.03
70673-613,-15.80066
72610-501,-15.90582
71571-033,-15.77589
78931-010,-9.91349
78976-030,-11.43771
25260-000,-22.64039
06429-140,-23.49036
12224-010,-23.175
63100-080,-7.23191
61901-020,-3.87888
65636-010,-5.1017
55602-100,-8.11686
72215-017,-15.81894
05835-005,-23.65448
01432-030,-23.5753
13486-190,-22.55847
01310-928,-23.5584
05016-090,-23.53979
57055-901,-9.63717
06097-040,-23.52946
05085-000,-23.52341
51240-340,-8.1171
52011-300,-8.05032
50721-000,-8.04928
09611-000,-23.66678
09010-100,-23.65802
25720-365,-22.44262
25900-106,-22.65429
25730-730,-22.44242
20730-050,-22.89696
21530-001,-22.83042
21041-010,-22.86552
21235-604,-22.83063
26530-020,-22.80781
22010-122,-22.96362
24804-706,-22.73859
21540-020,-22.8526
28035-125,-21.76139
20040-005,-22.91195
11013-010,-23.93283
25266-000,-22.6202
23050-101,-22.90405
22755-002,-22.936
25020-001,-22.79049
24425-005,-22.85515
20771-005,-22.88291
08674-011,-22.98279
06541-038,-23.47253
55002-200,-8.28551
05136-000,-23.50284
29146-200,-20.34264
29300-190,-20.84823
56304-000,-9.39448
21240-080,-22.813
24240-225,-22.90533
26215-220,-22.75743
21070-090,-22.84124
70360-515,-15.81773
72220-020,-15.8226
20040-001,-22.91195
23900-563,-23.00918
94410-010,-30.08272
85810-070,-24.95837
88102-001,-27.59204
58056-350,-7.17368
20071-001,-22.90288
44050-228,-12.24465
89211-305,-26.33112
22020-001,-22.96651
04309-010,-23.66898
09190-360,-23.67391
30130-141,-19.93848
58400-002,-7.21724
60325-004,-3.73524
60025-130,-3.72882
31275-180,-19.85742
35900-003,-19.62267
37500-038,-22.43071
30170-090,-19.93412
36013-020,-21.76564
38400-128,-18.9204
32600-065,-19.96463
32210-170,-19.95599
42807-000,-12.69699
66645-003,-1.40859
81650-000,-25.51673
04001-140,-23.57654
66055-090,-1.44773
13185-261,-22.89769
71503-504,-15.71418
09770-000,-23.70939
74672-010,-16.63278
88062-110,-27.60238
11707-000,-24.00703
06823-301,-23.66939
25555-201,-22.78273
55150-005,-8.33705
26112-055,-22.7599
06709-300,-23.58866
68371-163,-3.20531
05717-270,-23.63456
13025-170,-22.90362
25685-070,-22.51021
09710-090,-23.70783
11010-150,-23.93264
09111-410,-23.67285
06767-220,-23.62148
01426-001,-23.56402
17016-150,-22.33626
38408-170,-18.91922
68740-060,-1.09317
22240-004,-22.93432
07162-000,-23.41798
64200-280,-2.90373
21931-387,-22.805
24020-075,-22.89366
71691-083,-15.89957
72544-204,-16.00331
69099-028,-3.03291
69093-000,-3.02921
48904-001,-9.4134
74968-350,-16.82284
69151-280,-2.62528
27525-250,-22.47977
57600-300,-9.40777
29168-600,-20.15545
41342-315,-12.90214
63050-295,-7.2115
13465-520,-22.73995
45000-480,-14.85473
04524-002,-23.60475
13334-170,-23.08228
58038-310,-7.10407
85866-000,-25.49456
08780-290,-23.52165
27264-420,-22.52338
74115-100,-16.73877
29101-287,-20.34105
83823-014,-25.64966
13560-250,-22.01144
13188-252,-22.90257
14400-850,-20.52981
19010-090,-22.12057
04719-001,-23.63134
35900-209,-19.62921
22620-110,-23.011
90450-120,-30.02296
23045-830,-22.92366
38408-100,-18.91149
89239-200,-26.20245
64049-375,-5.06996
88330-107,-26.99815
44001-496,-12.25526
78085-700,-15.63288
74840-010,-16.7302
85801-001,-24.95517
22631-000,-23.00763
22410-000,-22.98397
71625-590,-15.83626
40170-010,-13.01023
68040-568,-2.42448
13465-289,-22.73992
75025-040,-16.32739
01305-100,-23.55482
70361-520,-15.81908
01523-010,-23.56289
13010-000,-22.90613
95010-005,-29.16784
22020-000,-22.96362
44015-000,-12.25764
74505-010,-16.6677
74655-050,-16.59873
45660-000,-14.81009
05117-002,-23.51097
04208-000,-23.58423
04534-012,-23.58393
08210-200,-23.53948
17201-000,-22.29113
36013-000,-21.76108
13208-001,-23.19033
16403-053,-21.24511
86010-180,-23.31388
21351-021,-22.87666
01150-010,-23.53384
06093-006,-23.53257
02185-030,-23.51222
01027-001,-23.53846
13485-000,-22.55338
12400-180,-22.92381
90030-160,-30.02612
01302-903,-23.54736
13500-030,-22.43066
18900-025,-22.90299
02011-400,-23.48579
04751-030,-23.65207
11013-150,-23.93585
09710-002,-23.70367
09510-120,-23.61226
13560-060,-22.01981
12210-080,-23.1826
93010-040,-29.76327
08010-290,-23.49223
40020-010,-12.98288
18010-031,-23.50065
18270-000,-23.34847
12020-040,-23.02478
20511-240,-22.92497
87501-260,-23.76272
04010-100,-23.5912
50020-000,-8.07011
01206-001,-23.53302
02201-000,-23.48797
04702-002,-23.64199
01202-002,-23.53215
03402-003,-23.5487
05003-020,-23.52824
14810-000,-21.79655
13015-000,-22.90716
02071-000,-23.50183
13171-440,-23.53979
88301-000,-26.90594
88801-120,-27.28032
06600-040,-23.52966
13230-300,-23.20711
65020-901,-2.53303
78005-908,-15.59593
05437-002,-23.54627
05019-010,-23.53712
80010-150,-25.43259
27430-010,-22.40651
85801-000,-24.95517
20260-133,-22.92028
60030-050,-3.7243
63010-230,-7.20451
62011-030,-3.87478
30180-904,-19.91845
32210-000,-19.95255
20021-120,-22.90972
22050-000,-22.96651
20050-003,-22.90406
01007-040,-23.54599
40150-121,-12.99783
29010-150,-20.32139
66120-350,-1.41918
02071-001,-23.50629
58100-020,-7.01609
03307-000,-23.54524
04121-002,-23.59718
75901-260,-17.79654
57300-330,-9.73648
01133-020,-23.52058
90160-006,-30.05338
13020-000,-22.90111
40140-240,-13.00557
11025-000,-23.97909
40410-000,-12.94182
40050-001,-12.9805
43805-010,-12.6708
05461-000,-23.55456
03028-001,-23.5277
20031-200,-22.91099
84010-670,-25.09394
07025-000,-23.47989
21070-030,-22.83845
40100-000,-12.99198
52021-000,-8.03988
22020-020,-22.96541
45825-000,-16.37129
85501-048,-26.22675
70329-900,-15.80291
04246-000,-23.61598
40357-300,-12.93984
77804-120,-7.20724
39400-047,-16.72291
59600-970,-5.16374
90220-003,-29.99744
57600-120,-9.40667
99010-041,-28.26255
72010-060,-15.77829
57025-180,-9.57357
40070-000,-12.98283
40255-350,-12.98244
22440-031,-22.98532
35700-016,-19.46399
44010-231,-12.25395
11310-020,-23.96513
96508-000,-30.04683
30110-110,-19.91467
37701-011,-21.78728
69301-350,2.81769
68906-260,0.03657
01242-000,-23.54587
04132-002,-23.65779
06653-020,-23.54256
35524-000,-19.87108
95200-061,-28.50301
78300-072,-14.62216
25946-079,-22.51848
93280-480,-29.85551
89239-100,-26.20594
09637-000,-23.66627
28893-078,-22.52776
83015-000,-25.56313
64600-098,-7.0758
65604-010,-4.86296
38600-214,-17.22003
47800-172,-12.14835
68925-076,-0.02712
06803-430,-23.65145
12215-650,-23.18874
04007-004,-23.58014
05136-170,-23.50035
13910-033,-22.70655
29100-201,-20.33516
70730-517,-15.77829
16010-300,-21.21025
78900-030,-8.76119
89201-602,-26.29854
74023-010,-16.67336
90035-077,-30.02935
69053-385,-3.11575
13090-230,-22.88028
20551-000,-22.91249
03533-002,-23.54694
21011-070,-22.8195
02936-000,-23.48772
01236-030,-23.54526
42707-650,-12.88718
22461-000,-22.96658
04553-002,-23.59955
76870-507,-9.90999
78896-071,-12.54349
32510-010,-19.96794
78068-600,-15.61821
06850-035,-23.7127
03345-000,-23.55848
88101-001,-27.60048
21810-000,-22.88246
29200-190,-20.67029
85870-000,-25.47968
29900-180,-19.39908
20755-183,-22.88539
35930-000,-19.81117
44002-200,-12.25395
23815-490,-22.87329
27910-360,-22.37575
88130-200,-27.64569
14010-190,-21.18294
35300-037,-19.79027
58700-330,-7.02393
18305-505,-24.00705
61940-135,-3.89214
96810-030,-29.71657
